file,line,type,commit,author,date,time,timezone,datetime,depth,length
style.css,1,css,cb5ab8f9,Kevin Li,2025-01-11,14:37:45,-08:00,2025-01-11T14:37:45-08:00,0,5
style.css,2,css,cb5ab8f9,Kevin Li,2025-01-11,14:37:45,-08:00,2025-01-11T14:37:45-08:00,0,44
style.css,3,css,cb5ab8f9,Kevin Li,2025-01-11,14:37:45,-08:00,2025-01-11T14:37:45-08:00,0,43
style.css,4,css,cb5ab8f9,Kevin Li,2025-01-11,14:37:45,-08:00,2025-01-11T14:37:45-08:00,0,1
style.css,5,css,cb5ab8f9,Kevin Li,2025-01-11,14:37:45,-08:00,2025-01-11T14:37:45-08:00,0,24
style.css,6,css,a6a84d34,Kevin Li,2025-01-18,18:19:35,-08:00,2025-01-18T18:19:35-08:00,0,15
style.css,7,css,a6a84d34,Kevin Li,2025-01-18,18:19:35,-08:00,2025-01-18T18:19:35-08:00,0,43
style.css,8,css,1496c05e,Kevin Li,2025-01-31,15:32:54,-08:00,2025-01-31T15:32:54-08:00,0,63
style.css,9,css,1496c05e,Kevin Li,2025-01-31,15:32:54,-08:00,2025-01-31T15:32:54-08:00,0,0
style.css,10,css,9746fbf1,Kevin Li,2025-01-18,12:03:12,-08:00,2025-01-18T12:03:12-08:00,0,0
style.css,11,css,1496c05e,Kevin Li,2025-01-31,15:32:54,-08:00,2025-01-31T15:32:54-08:00,0,7
style.css,12,css,9746fbf1,Kevin Li,2025-01-18,12:03:12,-08:00,2025-01-18T12:03:12-08:00,0,17
style.css,13,css,1496c05e,Kevin Li,2025-01-31,15:32:54,-08:00,2025-01-31T15:32:54-08:00,0,0
style.css,14,css,137487b0,Kevin Li,2025-01-18,19:02:20,-08:00,2025-01-18T19:02:20-08:00,0,0
style.css,15,css,137487b0,Kevin Li,2025-01-18,19:02:20,-08:00,2025-01-18T19:02:20-08:00,0,8
style.css,16,css,1e2bf21f,Kevin Li,2025-01-25,20:23:43,-08:00,2025-01-25T20:23:43-08:00,0,18
style.css,17,css,137487b0,Kevin Li,2025-01-18,19:02:20,-08:00,2025-01-18T19:02:20-08:00,0,0
style.css,18,css,137487b0,Kevin Li,2025-01-18,19:02:20,-08:00,2025-01-18T19:02:20-08:00,0,0
style.css,19,css,9746fbf1,Kevin Li,2025-01-18,12:03:12,-08:00,2025-01-18T12:03:12-08:00,0,3
style.css,20,css,9746fbf1,Kevin Li,2025-01-18,12:03:12,-08:00,2025-01-18T12:03:12-08:00,0,13
style.css,21,css,1e2bf21f,Kevin Li,2025-01-25,20:23:43,-08:00,2025-01-25T20:23:43-08:00,0,40
style.css,22,css,a6a84d34,Kevin Li,2025-01-18,18:19:35,-08:00,2025-01-18T18:19:35-08:00,0,18
style.css,23,css,1e2bf21f,Kevin Li,2025-01-25,20:23:43,-08:00,2025-01-25T20:23:43-08:00,0,44
style.css,24,css,9746fbf1,Kevin Li,2025-01-18,12:03:12,-08:00,2025-01-18T12:03:12-08:00,0,0
style.css,25,css,9746fbf1,Kevin Li,2025-01-18,12:03:12,-08:00,2025-01-18T12:03:12-08:00,0,0
style.css,26,css,9746fbf1,Kevin Li,2025-01-18,12:03:12,-08:00,2025-01-18T12:03:12-08:00,0,5
style.css,27,css,9746fbf1,Kevin Li,2025-01-18,12:03:12,-08:00,2025-01-18T12:03:12-08:00,0,7
style.css,28,css,9746fbf1,Kevin Li,2025-01-18,12:03:12,-08:00,2025-01-18T12:03:12-08:00,0,21
style.css,29,css,9746fbf1,Kevin Li,2025-01-18,12:03:12,-08:00,2025-01-18T12:03:12-08:00,0,14
style.css,30,css,9746fbf1,Kevin Li,2025-01-18,12:03:12,-08:00,2025-01-18T12:03:12-08:00,0,18
style.css,31,css,9746fbf1,Kevin Li,2025-01-18,12:03:12,-08:00,2025-01-18T12:03:12-08:00,0,14
style.css,32,css,9746fbf1,Kevin Li,2025-01-18,12:03:12,-08:00,2025-01-18T12:03:12-08:00,0,0
style.css,33,css,9746fbf1,Kevin Li,2025-01-18,12:03:12,-08:00,2025-01-18T12:03:12-08:00,0,0
style.css,34,css,a6a84d34,Kevin Li,2025-01-18,18:19:35,-08:00,2025-01-18T18:19:35-08:00,0,13
style.css,35,css,a6a84d34,Kevin Li,2025-01-18,18:19:35,-08:00,2025-01-18T18:19:35-08:00,0,44
style.css,36,css,1e2bf21f,Kevin Li,2025-01-25,20:23:43,-08:00,2025-01-25T20:23:43-08:00,0,40
style.css,37,css,a6a84d34,Kevin Li,2025-01-18,18:19:35,-08:00,2025-01-18T18:19:35-08:00,0,17
style.css,38,css,9746fbf1,Kevin Li,2025-01-18,12:03:12,-08:00,2025-01-18T12:03:12-08:00,0,0
style.css,39,css,9746fbf1,Kevin Li,2025-01-18,12:03:12,-08:00,2025-01-18T12:03:12-08:00,0,0
style.css,40,css,a6a84d34,Kevin Li,2025-01-18,18:19:35,-08:00,2025-01-18T18:19:35-08:00,0,4
style.css,41,css,a6a84d34,Kevin Li,2025-01-18,18:19:35,-08:00,2025-01-18T18:19:35-08:00,0,31
style.css,42,css,1e2bf21f,Kevin Li,2025-01-25,20:23:43,-08:00,2025-01-25T20:23:43-08:00,0,33
style.css,43,css,1e2bf21f,Kevin Li,2025-01-25,20:23:43,-08:00,2025-01-25T20:23:43-08:00,0,18
style.css,44,css,a6a84d34,Kevin Li,2025-01-18,18:19:35,-08:00,2025-01-18T18:19:35-08:00,0,0
style.css,45,css,a6a84d34,Kevin Li,2025-01-18,18:19:35,-08:00,2025-01-18T18:19:35-08:00,0,0
style.css,46,css,a6a84d34,Kevin Li,2025-01-18,18:19:35,-08:00,2025-01-18T18:19:35-08:00,0,11
style.css,47,css,a6a84d34,Kevin Li,2025-01-18,18:19:35,-08:00,2025-01-18T18:19:35-08:00,0,46
style.css,48,css,a6a84d34,Kevin Li,2025-01-18,18:19:35,-08:00,2025-01-18T18:19:35-08:00,0,58
style.css,49,css,1e2bf21f,Kevin Li,2025-01-25,20:23:43,-08:00,2025-01-25T20:23:43-08:00,0,70
style.css,50,css,a6a84d34,Kevin Li,2025-01-18,18:19:35,-08:00,2025-01-18T18:19:35-08:00,0,0
style.css,51,css,a6a84d34,Kevin Li,2025-01-18,18:19:35,-08:00,2025-01-18T18:19:35-08:00,0,0
style.css,52,css,a6a84d34,Kevin Li,2025-01-18,18:19:35,-08:00,2025-01-18T18:19:35-08:00,0,4
style.css,53,css,a6a84d34,Kevin Li,2025-01-18,18:19:35,-08:00,2025-01-18T18:19:35-08:00,0,12
style.css,54,css,c3e30152,Kevin Li,2025-01-18,18:56:58,-08:00,2025-01-18T18:56:58-08:00,0,13
style.css,55,css,c3e30152,Kevin Li,2025-01-18,18:56:58,-08:00,2025-01-18T18:56:58-08:00,0,31
style.css,56,css,c3e30152,Kevin Li,2025-01-18,18:56:58,-08:00,2025-01-18T18:56:58-08:00,0,8
style.css,57,css,a6a84d34,Kevin Li,2025-01-18,18:19:35,-08:00,2025-01-18T18:19:35-08:00,0,0
style.css,58,css,a6a84d34,Kevin Li,2025-01-18,18:19:35,-08:00,2025-01-18T18:19:35-08:00,0,0
style.css,59,css,c3e30152,Kevin Li,2025-01-18,18:56:58,-08:00,2025-01-18T18:56:58-08:00,0,23
style.css,60,css,a7fd09e6,Kevin Li,2025-01-25,15:18:46,-08:00,2025-01-25T15:18:46-08:00,0,13
style.css,61,css,c3e30152,Kevin Li,2025-01-18,18:56:58,-08:00,2025-01-18T18:56:58-08:00,0,30
style.css,62,css,c3e30152,Kevin Li,2025-01-18,18:56:58,-08:00,2025-01-18T18:56:58-08:00,0,19
style.css,63,css,a6a84d34,Kevin Li,2025-01-18,18:19:35,-08:00,2025-01-18T18:19:35-08:00,0,0
style.css,64,css,a6a84d34,Kevin Li,2025-01-18,18:19:35,-08:00,2025-01-18T18:19:35-08:00,0,0
style.css,65,css,1e2bf21f,Kevin Li,2025-01-25,20:23:43,-08:00,2025-01-25T20:23:43-08:00,0,16
style.css,66,css,1e2bf21f,Kevin Li,2025-01-25,20:23:43,-08:00,2025-01-25T20:23:43-08:00,0,18
style.css,67,css,1e2bf21f,Kevin Li,2025-01-25,20:23:43,-08:00,2025-01-25T20:23:43-08:00,0,17
style.css,68,css,1e2bf21f,Kevin Li,2025-01-25,20:23:43,-08:00,2025-01-25T20:23:43-08:00,0,0
style.css,69,css,1e2bf21f,Kevin Li,2025-01-25,20:23:43,-08:00,2025-01-25T20:23:43-08:00,0,0
style.css,70,css,1e2bf21f,Kevin Li,2025-01-25,20:23:43,-08:00,2025-01-25T20:23:43-08:00,0,19
style.css,71,css,1e2bf21f,Kevin Li,2025-01-25,20:23:43,-08:00,2025-01-25T20:23:43-08:00,0,18
style.css,72,css,1e2bf21f,Kevin Li,2025-01-25,20:23:43,-08:00,2025-01-25T20:23:43-08:00,0,17
style.css,73,css,1e2bf21f,Kevin Li,2025-01-25,20:23:43,-08:00,2025-01-25T20:23:43-08:00,0,0
style.css,74,css,1e2bf21f,Kevin Li,2025-01-25,20:23:43,-08:00,2025-01-25T20:23:43-08:00,0,0
style.css,75,css,a7fd09e6,Kevin Li,2025-01-25,15:18:46,-08:00,2025-01-25T15:18:46-08:00,0,11
style.css,76,css,a7fd09e6,Kevin Li,2025-01-25,15:18:46,-08:00,2025-01-25T15:18:46-08:00,0,27
style.css,77,css,a7fd09e6,Kevin Li,2025-01-25,15:18:46,-08:00,2025-01-25T15:18:46-08:00,0,16
style.css,78,css,a7fd09e6,Kevin Li,2025-01-25,15:18:46,-08:00,2025-01-25T15:18:46-08:00,0,38
style.css,79,css,a6a84d34,Kevin Li,2025-01-18,18:19:35,-08:00,2025-01-18T18:19:35-08:00,0,0
style.css,80,css,a6a84d34,Kevin Li,2025-01-18,18:19:35,-08:00,2025-01-18T18:19:35-08:00,0,0
style.css,81,css,a7fd09e6,Kevin Li,2025-01-25,15:18:46,-08:00,2025-01-25T15:18:46-08:00,0,17
style.css,82,css,a7fd09e6,Kevin Li,2025-01-25,15:18:46,-08:00,2025-01-25T15:18:46-08:00,0,46
style.css,83,css,a7fd09e6,Kevin Li,2025-01-25,15:18:46,-08:00,2025-01-25T15:18:46-08:00,0,58
style.css,84,css,a7fd09e6,Kevin Li,2025-01-25,15:18:46,-08:00,2025-01-25T15:18:46-08:00,0,0
style.css,85,css,a7fd09e6,Kevin Li,2025-01-25,15:18:46,-08:00,2025-01-25T15:18:46-08:00,0,0
style.css,86,css,a7fd09e6,Kevin Li,2025-01-25,15:18:46,-08:00,2025-01-25T15:18:46-08:00,0,10
style.css,87,css,c3e30152,Kevin Li,2025-01-18,18:56:58,-08:00,2025-01-18T18:56:58-08:00,0,13
style.css,88,css,c3e30152,Kevin Li,2025-01-18,18:56:58,-08:00,2025-01-18T18:56:58-08:00,0,59
style.css,89,css,a7fd09e6,Kevin Li,2025-01-25,15:18:46,-08:00,2025-01-25T15:18:46-08:00,0,16
style.css,90,css,a7fd09e6,Kevin Li,2025-01-25,15:18:46,-08:00,2025-01-25T15:18:46-08:00,0,6
style.css,91,css,a6a84d34,Kevin Li,2025-01-18,18:19:35,-08:00,2025-01-18T18:19:35-08:00,0,0
style.css,92,css,a7fd09e6,Kevin Li,2025-01-25,15:18:46,-08:00,2025-01-25T15:18:46-08:00,0,18
style.css,93,css,c3e30152,Kevin Li,2025-01-18,18:56:58,-08:00,2025-01-18T18:56:58-08:00,0,27
style.css,94,css,c3e30152,Kevin Li,2025-01-18,18:56:58,-08:00,2025-01-18T18:56:58-08:00,0,16
style.css,95,css,a7fd09e6,Kevin Li,2025-01-25,15:18:46,-08:00,2025-01-25T15:18:46-08:00,0,7
style.css,96,css,a7fd09e6,Kevin Li,2025-01-25,15:18:46,-08:00,2025-01-25T15:18:46-08:00,0,0
style.css,97,css,d3387f85,Kevin Li,2025-01-31,17:37:04,-08:00,2025-01-31T17:37:04-08:00,0,8
style.css,98,css,a7fd09e6,Kevin Li,2025-01-25,15:18:46,-08:00,2025-01-25T15:18:46-08:00,0,8
style.css,99,css,a7fd09e6,Kevin Li,2025-01-25,15:18:46,-08:00,2025-01-25T15:18:46-08:00,0,18
style.css,100,css,a7fd09e6,Kevin Li,2025-01-25,15:18:46,-08:00,2025-01-25T15:18:46-08:00,0,18
style.css,101,css,a7fd09e6,Kevin Li,2025-01-25,15:18:46,-08:00,2025-01-25T15:18:46-08:00,0,0
style.css,102,css,d304e253,Kevin Li,2025-01-31,22:29:20,-08:00,2025-01-31T22:29:20-08:00,0,6
style.css,103,css,d304e253,Kevin Li,2025-01-31,22:29:20,-08:00,2025-01-31T22:29:20-08:00,0,17
style.css,104,css,d304e253,Kevin Li,2025-01-31,22:29:20,-08:00,2025-01-31T22:29:20-08:00,0,11
style.css,105,css,d304e253,Kevin Li,2025-01-31,22:29:20,-08:00,2025-01-31T22:29:20-08:00,0,12
style.css,106,css,d304e253,Kevin Li,2025-01-31,22:29:20,-08:00,2025-01-31T22:29:20-08:00,0,0
style.css,107,css,d304e253,Kevin Li,2025-01-31,22:29:20,-08:00,2025-01-31T22:29:20-08:00,0,0
style.css,108,css,1e2bf21f,Kevin Li,2025-01-25,20:23:43,-08:00,2025-01-25T20:23:43-08:00,0,0
style.css,109,css,1e2bf21f,Kevin Li,2025-01-25,20:23:43,-08:00,2025-01-25T20:23:43-08:00,0,19
style.css,110,css,1e2bf21f,Kevin Li,2025-01-25,20:23:43,-08:00,2025-01-25T20:23:43-08:00,0,8
style.css,111,css,1e2bf21f,Kevin Li,2025-01-25,20:23:43,-08:00,2025-01-25T20:23:43-08:00,0,8
style.css,112,css,1e2bf21f,Kevin Li,2025-01-25,20:23:43,-08:00,2025-01-25T20:23:43-08:00,0,10
style.css,113,css,1e2bf21f,Kevin Li,2025-01-25,20:23:43,-08:00,2025-01-25T20:23:43-08:00,0,0
style.css,114,css,1e2bf21f,Kevin Li,2025-01-25,20:23:43,-08:00,2025-01-25T20:23:43-08:00,0,0
style.css,115,css,1496c05e,Kevin Li,2025-01-31,15:32:54,-08:00,2025-01-31T15:32:54-08:00,0,14
style.css,116,css,1496c05e,Kevin Li,2025-01-31,15:32:54,-08:00,2025-01-31T15:32:54-08:00,0,18
style.css,117,css,1496c05e,Kevin Li,2025-01-31,15:32:54,-08:00,2025-01-31T15:32:54-08:00,0,8
style.css,118,css,1496c05e,Kevin Li,2025-01-31,15:32:54,-08:00,2025-01-31T15:32:54-08:00,0,10
style.css,119,css,1496c05e,Kevin Li,2025-01-31,15:32:54,-08:00,2025-01-31T15:32:54-08:00,0,0
style.css,120,css,1496c05e,Kevin Li,2025-01-31,15:32:54,-08:00,2025-01-31T15:32:54-08:00,0,0
style.css,121,css,1cfc9e20,Kevin Li,2025-01-31,16:19:04,-08:00,2025-01-31T16:19:04-08:00,0,30
style.css,122,css,1cfc9e20,Kevin Li,2025-01-31,16:19:04,-08:00,2025-01-31T16:19:04-08:00,0,8
style.css,123,css,1cfc9e20,Kevin Li,2025-01-31,16:19:04,-08:00,2025-01-31T16:19:04-08:00,0,13
style.css,124,css,1cfc9e20,Kevin Li,2025-01-31,16:19:04,-08:00,2025-01-31T16:19:04-08:00,0,37
style.css,125,css,1cfc9e20,Kevin Li,2025-01-31,16:19:04,-08:00,2025-01-31T16:19:04-08:00,0,9
style.css,126,css,1cfc9e20,Kevin Li,2025-01-31,16:19:04,-08:00,2025-01-31T16:19:04-08:00,0,13
style.css,127,css,1cfc9e20,Kevin Li,2025-01-31,16:19:04,-08:00,2025-01-31T16:19:04-08:00,0,25
style.css,128,css,1cfc9e20,Kevin Li,2025-01-31,16:19:04,-08:00,2025-01-31T16:19:04-08:00,0,0
style.css,129,css,1cfc9e20,Kevin Li,2025-01-31,16:19:04,-08:00,2025-01-31T16:19:04-08:00,0,11
style.css,130,css,1cfc9e20,Kevin Li,2025-01-31,16:19:04,-08:00,2025-01-31T16:19:04-08:00,0,17
style.css,131,css,1cfc9e20,Kevin Li,2025-01-31,16:19:04,-08:00,2025-01-31T16:19:04-08:00,0,16
style.css,132,css,1cfc9e20,Kevin Li,2025-01-31,16:19:04,-08:00,2025-01-31T16:19:04-08:00,0,19
style.css,133,css,1cfc9e20,Kevin Li,2025-01-31,16:19:04,-08:00,2025-01-31T16:19:04-08:00,0,56
style.css,134,css,1cfc9e20,Kevin Li,2025-01-31,16:19:04,-08:00,2025-01-31T16:19:04-08:00,0,0
style.css,135,css,1cfc9e20,Kevin Li,2025-01-31,16:19:04,-08:00,2025-01-31T16:19:04-08:00,0,11
style.css,136,css,1cfc9e20,Kevin Li,2025-01-31,16:19:04,-08:00,2025-01-31T16:19:04-08:00,0,17
style.css,137,css,1cfc9e20,Kevin Li,2025-01-31,16:19:04,-08:00,2025-01-31T16:19:04-08:00,0,9
style.css,138,css,1cfc9e20,Kevin Li,2025-01-31,16:19:04,-08:00,2025-01-31T16:19:04-08:00,0,16
style.css,139,css,1cfc9e20,Kevin Li,2025-01-31,16:19:04,-08:00,2025-01-31T16:19:04-08:00,0,57
style.css,140,css,51c1160c,Kevin Li,2025-02-08,16:49:13,-08:00,2025-02-08T16:49:13-08:00,0,0
style.css,141,css,51c1160c,Kevin Li,2025-02-08,16:49:13,-08:00,2025-02-08T16:49:13-08:00,0,0
style.css,142,css,51c1160c,Kevin Li,2025-02-08,16:49:13,-08:00,2025-02-08T16:49:13-08:00,0,5
style.css,143,css,51c1160c,Kevin Li,2025-02-08,16:49:13,-08:00,2025-02-08T16:49:13-08:00,0,35
style.css,144,css,51c1160c,Kevin Li,2025-02-08,16:49:13,-08:00,2025-02-08T16:49:13-08:00,0,24
style.css,145,css,51c1160c,Kevin Li,2025-02-08,16:49:13,-08:00,2025-02-08T16:49:13-08:00,0,0
style.css,146,css,51c1160c,Kevin Li,2025-02-08,16:49:13,-08:00,2025-02-08T16:49:13-08:00,0,0
style.css,147,css,51c1160c,Kevin Li,2025-02-08,16:49:13,-08:00,2025-02-08T16:49:13-08:00,0,19
style.css,148,css,51c1160c,Kevin Li,2025-02-08,16:49:13,-08:00,2025-02-08T16:49:13-08:00,0,15
style.css,149,css,51c1160c,Kevin Li,2025-02-08,16:49:13,-08:00,2025-02-08T16:49:13-08:00,0,17
style.css,150,css,51c1160c,Kevin Li,2025-02-08,16:49:13,-08:00,2025-02-08T16:49:13-08:00,0,17
style.css,151,css,a3b19602,Kevin Li,2025-02-08,21:55:57,-08:00,2025-02-08T21:55:57-08:00,0,0
style.css,152,css,a3b19602,Kevin Li,2025-02-08,21:55:57,-08:00,2025-02-08T21:55:57-08:00,0,0
style.css,153,css,a3b19602,Kevin Li,2025-02-08,21:55:57,-08:00,2025-02-08T21:55:57-08:00,0,11
style.css,154,css,a3b19602,Kevin Li,2025-02-08,21:55:57,-08:00,2025-02-08T21:55:57-08:00,0,13
style.css,155,css,a3b19602,Kevin Li,2025-02-08,21:55:57,-08:00,2025-02-08T21:55:57-08:00,0,71
style.css,156,css,a3b19602,Kevin Li,2025-02-08,21:55:57,-08:00,2025-02-08T21:55:57-08:00,0,60
style.css,157,css,a3b19602,Kevin Li,2025-02-08,21:55:57,-08:00,2025-02-08T21:55:57-08:00,0,67
style.css,158,css,a3b19602,Kevin Li,2025-02-08,21:55:57,-08:00,2025-02-08T21:55:57-08:00,0,61
style.css,159,css,a3b19602,Kevin Li,2025-02-08,21:55:57,-08:00,2025-02-08T21:55:57-08:00,0,0
style.css,160,css,a3b19602,Kevin Li,2025-02-08,21:55:57,-08:00,2025-02-08T21:55:57-08:00,0,0
style.css,161,css,a3b19602,Kevin Li,2025-02-08,21:55:57,-08:00,2025-02-08T21:55:57-08:00,0,8
style.css,162,css,a3b19602,Kevin Li,2025-02-08,21:55:57,-08:00,2025-02-08T21:55:57-08:00,0,36
style.css,163,css,a3b19602,Kevin Li,2025-02-08,21:55:57,-08:00,2025-02-08T21:55:57-08:00,0,13
style.css,164,css,a3b19602,Kevin Li,2025-02-08,21:55:57,-08:00,2025-02-08T21:55:57-08:00,0,80
style.css,165,css,a3b19602,Kevin Li,2025-02-08,21:55:57,-08:00,2025-02-08T21:55:57-08:00,0,10
style.css,166,css,a3b19602,Kevin Li,2025-02-08,21:55:57,-08:00,2025-02-08T21:55:57-08:00,0,14
style.css,167,css,a3b19602,Kevin Li,2025-02-08,21:55:57,-08:00,2025-02-08T21:55:57-08:00,0,37
style.css,168,css,a3b19602,Kevin Li,2025-02-08,21:55:57,-08:00,2025-02-08T21:55:57-08:00,0,18
style.css,169,css,a3b19602,Kevin Li,2025-02-08,21:55:57,-08:00,2025-02-08T21:55:57-08:00,0,0
style.css,170,css,a3b19602,Kevin Li,2025-02-08,21:55:57,-08:00,2025-02-08T21:55:57-08:00,0,0
style.css,171,css,a3b19602,Kevin Li,2025-02-08,21:55:57,-08:00,2025-02-08T21:55:57-08:00,0,11
style.css,172,css,a3b19602,Kevin Li,2025-02-08,21:55:57,-08:00,2025-02-08T21:55:57-08:00,0,13
style.css,173,css,a3b19602,Kevin Li,2025-02-08,21:55:57,-08:00,2025-02-08T21:55:57-08:00,0,19
style.css,174,css,a3b19602,Kevin Li,2025-02-08,21:55:57,-08:00,2025-02-08T21:55:57-08:00,0,10
style.css,175,css,a3b19602,Kevin Li,2025-02-08,21:55:57,-08:00,2025-02-08T21:55:57-08:00,0,14
style.css,176,css,a3b19602,Kevin Li,2025-02-08,21:55:57,-08:00,2025-02-08T21:55:57-08:00,0,18
style.css,177,css,a3b19602,Kevin Li,2025-02-08,21:55:57,-08:00,2025-02-08T21:55:57-08:00,0,31
style.css,178,css,a3b19602,Kevin Li,2025-02-08,21:55:57,-08:00,2025-02-08T21:55:57-08:00,0,0
style.css,179,css,a3b19602,Kevin Li,2025-02-08,21:55:57,-08:00,2025-02-08T21:55:57-08:00,0,0
style.css,180,css,a3b19602,Kevin Li,2025-02-08,21:55:57,-08:00,2025-02-08T21:55:57-08:00,0,16
style.css,181,css,a3b19602,Kevin Li,2025-02-08,21:55:57,-08:00,2025-02-08T21:55:57-08:00,0,10
style.css,182,css,a3b19602,Kevin Li,2025-02-08,21:55:57,-08:00,2025-02-08T21:55:57-08:00,0,11
style.css,183,css,a3b19602,Kevin Li,2025-02-08,21:55:57,-08:00,2025-02-08T21:55:57-08:00,0,18
style.css,184,css,a3b19602,Kevin Li,2025-02-08,21:55:57,-08:00,2025-02-08T21:55:57-08:00,0,30
style.css,185,css,a3b19602,Kevin Li,2025-02-08,21:55:57,-08:00,2025-02-08T21:55:57-08:00,0,0
style.css,186,css,a3b19602,Kevin Li,2025-02-08,21:55:57,-08:00,2025-02-08T21:55:57-08:00,0,0
style.css,187,css,a3b19602,Kevin Li,2025-02-08,21:55:57,-08:00,2025-02-08T21:55:57-08:00,0,11
style.css,188,css,a3b19602,Kevin Li,2025-02-08,21:55:57,-08:00,2025-02-08T21:55:57-08:00,0,14
style.css,189,css,a3b19602,Kevin Li,2025-02-08,21:55:57,-08:00,2025-02-08T21:55:57-08:00,0,53
style.css,190,css,a3b19602,Kevin Li,2025-02-08,21:55:57,-08:00,2025-02-08T21:55:57-08:00,0,53
style.css,191,css,a3b19602,Kevin Li,2025-02-08,21:55:57,-08:00,2025-02-08T21:55:57-08:00,0,53
style.css,192,css,a3b19602,Kevin Li,2025-02-08,21:55:57,-08:00,2025-02-08T21:55:57-08:00,0,42
style.css,193,css,a3b19602,Kevin Li,2025-02-08,21:55:57,-08:00,2025-02-08T21:55:57-08:00,0,37
style.css,194,css,a3b19602,Kevin Li,2025-02-08,21:55:57,-08:00,2025-02-08T21:55:57-08:00,0,18
style.css,195,css,a3b19602,Kevin Li,2025-02-08,21:55:57,-08:00,2025-02-08T21:55:57-08:00,0,37
style.css,196,css,a3b19602,Kevin Li,2025-02-08,21:55:57,-08:00,2025-02-08T21:55:57-08:00,0,0
style.css,197,css,a3b19602,Kevin Li,2025-02-08,21:55:57,-08:00,2025-02-08T21:55:57-08:00,0,0
style.css,198,css,a3b19602,Kevin Li,2025-02-08,21:55:57,-08:00,2025-02-08T21:55:57-08:00,0,24
style.css,199,css,a3b19602,Kevin Li,2025-02-08,21:55:57,-08:00,2025-02-08T21:55:57-08:00,0,15
style.css,200,css,a3b19602,Kevin Li,2025-02-08,21:55:57,-08:00,2025-02-08T21:55:57-08:00,0,17
style.css,201,css,a3b19602,Kevin Li,2025-02-08,21:55:57,-08:00,2025-02-08T21:55:57-08:00,0,0
style.css,202,css,a3b19602,Kevin Li,2025-02-08,21:55:57,-08:00,2025-02-08T21:55:57-08:00,0,0
style.css,203,css,a3b19602,Kevin Li,2025-02-08,21:55:57,-08:00,2025-02-08T21:55:57-08:00,0,30
style.css,204,css,a3b19602,Kevin Li,2025-02-08,21:55:57,-08:00,2025-02-08T21:55:57-08:00,0,44
style.css,205,css,a3b19602,Kevin Li,2025-02-08,21:55:57,-08:00,2025-02-08T21:55:57-08:00,0,0
style.css,206,css,a3b19602,Kevin Li,2025-02-08,21:55:57,-08:00,2025-02-08T21:55:57-08:00,0,0
style.css,207,css,a3b19602,Kevin Li,2025-02-08,21:55:57,-08:00,2025-02-08T21:55:57-08:00,0,0
style.css,208,css,a3b19602,Kevin Li,2025-02-08,21:55:57,-08:00,2025-02-08T21:55:57-08:00,0,0
style.css,209,css,a3b19602,Kevin Li,2025-02-08,21:55:57,-08:00,2025-02-08T21:55:57-08:00,0,10
style.css,210,css,a3b19602,Kevin Li,2025-02-08,21:55:57,-08:00,2025-02-08T21:55:57-08:00,0,36
style.css,211,css,a3b19602,Kevin Li,2025-02-08,21:55:57,-08:00,2025-02-08T21:55:57-08:00,0,0
style.css,212,css,a3b19602,Kevin Li,2025-02-08,21:55:57,-08:00,2025-02-08T21:55:57-08:00,0,11
style.css,213,css,a3b19602,Kevin Li,2025-02-08,21:55:57,-08:00,2025-02-08T21:55:57-08:00,0,18
style.css,214,css,a3b19602,Kevin Li,2025-02-08,21:55:57,-08:00,2025-02-08T21:55:57-08:00,0,0
style.css,215,css,fd60b0a4,Kevin Li,2025-02-12,15:10:19,-08:00,2025-02-12T15:10:19-08:00,0,11
style.css,216,css,fd60b0a4,Kevin Li,2025-02-12,15:10:19,-08:00,2025-02-12T15:10:19-08:00,0,18
style.css,217,css,fd60b0a4,Kevin Li,2025-02-12,15:10:19,-08:00,2025-02-12T15:10:19-08:00,0,3
style.css,218,css,07846c8c,Kevin Li,2025-02-08,23:59:57,-08:00,2025-02-08T23:59:57-08:00,0,0
style.css,219,css,07846c8c,Kevin Li,2025-02-08,23:59:57,-08:00,2025-02-08T23:59:57-08:00,0,0
style.css,220,css,07846c8c,Kevin Li,2025-02-08,23:59:57,-08:00,2025-02-08T23:59:57-08:00,0,0
style.css,221,css,07846c8c,Kevin Li,2025-02-08,23:59:57,-08:00,2025-02-08T23:59:57-08:00,0,18
style.css,222,css,07846c8c,Kevin Li,2025-02-08,23:59:57,-08:00,2025-02-08T23:59:57-08:00,0,41
style.css,223,css,07846c8c,Kevin Li,2025-02-08,23:59:57,-08:00,2025-02-08T23:59:57-08:00,0,52
style.css,224,css,a3b19602,Kevin Li,2025-02-08,21:55:57,-08:00,2025-02-08T21:55:57-08:00,0,0
index.html,1,html,26ce2458,Kevin Li,2025-01-11,13:30:52,-08:00,2025-01-11T13:30:52-08:00,0,14
index.html,2,html,6205e91c,Kevin Li,2025-01-25,21:18:49,-08:00,2025-01-25T21:18:49-08:00,0,29
index.html,3,html,26ce2458,Kevin Li,2025-01-11,13:30:52,-08:00,2025-01-11T13:30:52-08:00,0,5
index.html,4,html,26ce2458,Kevin Li,2025-01-11,13:30:52,-08:00,2025-01-11T13:30:52-08:00,0,21
index.html,5,html,26ce2458,Kevin Li,2025-01-11,13:30:52,-08:00,2025-01-11T13:30:52-08:00,0,69
index.html,6,html,26ce2458,Kevin Li,2025-01-11,13:30:52,-08:00,2025-01-11T13:30:52-08:00,0,52
index.html,7,html,cb5ab8f9,Kevin Li,2025-01-11,14:37:45,-08:00,2025-01-11T14:37:45-08:00,0,39
index.html,8,html,d0dbbfd6,Kevin Li,2025-01-25,15:46:57,-08:00,2025-01-25T15:46:57-08:00,0,46
index.html,9,html,e4b7ff99,Kevin Li,2025-01-31,22:59:04,-08:00,2025-01-31T22:59:04-08:00,0,54
index.html,10,html,26ce2458,Kevin Li,2025-01-11,13:30:52,-08:00,2025-01-11T13:30:52-08:00,0,6
index.html,11,html,b3485a2b,Kevin Li,2025-01-11,14:03:00,-08:00,2025-01-11T14:03:00-08:00,0,0
index.html,12,html,26ce2458,Kevin Li,2025-01-11,13:30:52,-08:00,2025-01-11T13:30:52-08:00,0,5
index.html,13,html,c3e30152,Kevin Li,2025-01-18,18:56:58,-08:00,2025-01-18T18:56:58-08:00,0,0
index.html,14,html,cb5ab8f9,Kevin Li,2025-01-11,14:37:45,-08:00,2025-01-11T14:37:45-08:00,0,23
index.html,15,html,cb5ab8f9,Kevin Li,2025-01-11,14:37:45,-08:00,2025-01-11T14:37:45-08:00,0,23
index.html,16,html,cb5ab8f9,Kevin Li,2025-01-11,14:37:45,-08:00,2025-01-11T14:37:45-08:00,0,16
index.html,17,html,9746fbf1,Kevin Li,2025-01-18,12:03:12,-08:00,2025-01-18T12:03:12-08:00,0,0
index.html,18,html,9746fbf1,Kevin Li,2025-01-18,12:03:12,-08:00,2025-01-18T12:03:12-08:00,0,2
index.html,19,html,9746fbf1,Kevin Li,2025-01-18,12:03:12,-08:00,2025-01-18T12:03:12-08:00,0,31
index.html,20,html,9746fbf1,Kevin Li,2025-01-18,12:03:12,-08:00,2025-01-18T12:03:12-08:00,0,3
index.html,21,html,d4f17394,Kevin Li,2025-01-31,16:44:08,-08:00,2025-01-31T16:44:08-08:00,0,0
index.html,22,html,d4f17394,Kevin Li,2025-01-31,16:44:08,-08:00,2025-01-31T16:44:08-08:00,0,45
index.html,23,html,d4f17394,Kevin Li,2025-01-31,16:44:08,-08:00,2025-01-31T16:44:08-08:00,0,5
index.html,24,html,d4f17394,Kevin Li,2025-01-31,16:44:08,-08:00,2025-01-31T16:44:08-08:00,0,0
index.html,25,html,d4f17394,Kevin Li,2025-01-31,16:44:08,-08:00,2025-01-31T16:44:08-08:00,0,23
index.html,26,html,d4f17394,Kevin Li,2025-01-31,16:44:08,-08:00,2025-01-31T16:44:08-08:00,0,21
index.html,27,html,d4f17394,Kevin Li,2025-01-31,16:44:08,-08:00,2025-01-31T16:44:08-08:00,0,50
index.html,28,html,d4f17394,Kevin Li,2025-01-31,16:44:08,-08:00,2025-01-31T16:44:08-08:00,0,5
index.html,29,html,26ce2458,Kevin Li,2025-01-11,13:30:52,-08:00,2025-01-11T13:30:52-08:00,0,6
index.html,30,html,26ce2458,Kevin Li,2025-01-11,13:30:52,-08:00,2025-01-11T13:30:52-08:00,0,6
global.js,1,js,8751d8c1,Kevin Li,2025-01-25,15:34:57,-08:00,2025-01-25T15:34:57-08:00,0,26
global.js,2,js,8751d8c1,Kevin Li,2025-01-25,15:34:57,-08:00,2025-01-25T15:34:57-08:00,0,0
global.js,3,js,1e2bf21f,Kevin Li,2025-01-25,20:23:43,-08:00,2025-01-25T20:23:43-08:00,0,12
global.js,4,js,9f4eebe7,Kevin Li,2025-01-25,21:08:26,-08:00,2025-01-25T21:08:26-08:00,0,26
global.js,5,js,9f4eebe7,Kevin Li,2025-01-25,21:08:26,-08:00,2025-01-25T21:08:26-08:00,0,39
global.js,6,js,9f4eebe7,Kevin Li,2025-01-25,21:08:26,-08:00,2025-01-25T21:08:26-08:00,0,33
global.js,7,js,9f4eebe7,Kevin Li,2025-01-25,21:08:26,-08:00,2025-01-25T21:08:26-08:00,0,35
global.js,8,js,00000000,Not Committed Yet,2025-02-14,13:41:34,-08:00,2025-02-14T13:41:34-08:00,0,29
global.js,9,js,ec55aad3,Kevin Li,2025-01-25,20:50:53,-08:00,2025-01-25T20:50:53-08:00,0,49
global.js,10,js,1496c05e,Kevin Li,2025-01-31,15:32:54,-08:00,2025-01-31T15:32:54-08:00,0,1
global.js,11,js,1e2bf21f,Kevin Li,2025-01-25,20:23:43,-08:00,2025-01-25T20:23:43-08:00,0,0
global.js,12,js,58806374,Kevin Li,2025-01-25,21:21:27,-08:00,2025-01-25T21:21:27-08:00,0,71
global.js,13,js,58806374,Kevin Li,2025-01-25,21:21:27,-08:00,2025-01-25T21:21:27-08:00,0,0
global.js,14,js,1496c05e,Kevin Li,2025-01-31,15:32:54,-08:00,2025-01-31T15:32:54-08:00,0,35
global.js,15,js,1496c05e,Kevin Li,2025-01-31,15:32:54,-08:00,2025-01-31T15:32:54-08:00,0,37
global.js,16,js,1496c05e,Kevin Li,2025-01-31,15:32:54,-08:00,2025-01-31T15:32:54-08:00,0,25
global.js,17,js,100510eb,Kevin Li,2025-01-31,16:11:59,-08:00,2025-01-31T16:11:59-08:00,0,46
global.js,18,js,1496c05e,Kevin Li,2025-01-31,15:32:54,-08:00,2025-01-31T15:32:54-08:00,0,25
global.js,19,js,1e2bf21f,Kevin Li,2025-01-25,20:23:43,-08:00,2025-01-25T20:23:43-08:00,0,0
global.js,20,js,1496c05e,Kevin Li,2025-01-31,15:32:54,-08:00,2025-01-31T15:32:54-08:00,0,36
global.js,21,js,1496c05e,Kevin Li,2025-01-31,15:32:54,-08:00,2025-01-31T15:32:54-08:00,0,39
global.js,22,js,1496c05e,Kevin Li,2025-01-31,15:32:54,-08:00,2025-01-31T15:32:54-08:00,0,47
global.js,23,js,1e2bf21f,Kevin Li,2025-01-25,20:23:43,-08:00,2025-01-25T20:23:43-08:00,0,0
global.js,24,js,1e2bf21f,Kevin Li,2025-01-25,20:23:43,-08:00,2025-01-25T20:23:43-08:00,0,21
global.js,25,js,1e2bf21f,Kevin Li,2025-01-25,20:23:43,-08:00,2025-01-25T20:23:43-08:00,0,15
global.js,26,js,1e2bf21f,Kevin Li,2025-01-25,20:23:43,-08:00,2025-01-25T20:23:43-08:00,0,19
global.js,27,js,53af3b9f,Kevin Li,2025-01-25,20:53:45,-08:00,2025-01-25T20:53:45-08:00,0,0
global.js,28,js,738fa437,Kevin Li,2025-01-25,21:29:39,-08:00,2025-01-25T21:29:39-08:00,0,45
global.js,29,js,738fa437,Kevin Li,2025-01-25,21:29:39,-08:00,2025-01-25T21:29:39-08:00,0,17
global.js,30,js,738fa437,Kevin Li,2025-01-25,21:29:39,-08:00,2025-01-25T21:29:39-08:00,0,0
global.js,31,js,ec55aad3,Kevin Li,2025-01-25,20:50:53,-08:00,2025-01-25T20:50:53-08:00,0,0
global.js,32,js,1e2bf21f,Kevin Li,2025-01-25,20:23:43,-08:00,2025-01-25T20:23:43-08:00,0,35
global.js,33,js,5a1e4fd6,Kevin Li,2025-01-25,21:13:47,-08:00,2025-01-25T21:13:47-08:00,0,0
global.js,34,js,1e2bf21f,Kevin Li,2025-01-25,20:23:43,-08:00,2025-01-25T20:23:43-08:00,0,12
global.js,35,js,1e2bf21f,Kevin Li,2025-01-25,20:23:43,-08:00,2025-01-25T20:23:43-08:00,0,21
global.js,36,js,5a1e4fd6,Kevin Li,2025-01-25,21:13:47,-08:00,2025-01-25T21:13:47-08:00,0,0
global.js,37,js,5abc2669,Kevin Li,2025-01-25,20:35:19,-08:00,2025-01-25T20:35:19-08:00,0,18
global.js,38,js,5abc2669,Kevin Li,2025-01-25,20:35:19,-08:00,2025-01-25T20:35:19-08:00,0,9
global.js,39,js,5abc2669,Kevin Li,2025-01-25,20:35:19,-08:00,2025-01-25T20:35:19-08:00,0,59
global.js,40,js,5abc2669,Kevin Li,2025-01-25,20:35:19,-08:00,2025-01-25T20:35:19-08:00,0,1
global.js,41,js,5abc2669,Kevin Li,2025-01-25,20:35:19,-08:00,2025-01-25T20:35:19-08:00,0,27
global.js,42,js,5abc2669,Kevin Li,2025-01-25,20:35:19,-08:00,2025-01-25T20:35:19-08:00,0,19
global.js,43,js,5f30b6f8,Kevin Li,2025-01-25,20:32:19,-08:00,2025-01-25T20:32:19-08:00,0,0
global.js,44,js,f5864118,Kevin Li,2025-01-29,12:01:01,-08:00,2025-01-29T12:01:01-08:00,0,0
global.js,45,js,738fa437,Kevin Li,2025-01-25,21:29:39,-08:00,2025-01-25T21:29:39-08:00,0,13
global.js,46,js,1496c05e,Kevin Li,2025-01-31,15:32:54,-08:00,2025-01-31T15:32:54-08:00,0,0
global.js,47,js,1e2bf21f,Kevin Li,2025-01-25,20:23:43,-08:00,2025-01-25T20:23:43-08:00,0,0
global.js,48,js,1496c05e,Kevin Li,2025-01-31,15:32:54,-08:00,2025-01-31T15:32:54-08:00,0,34
global.js,49,js,1e2bf21f,Kevin Li,2025-01-25,20:23:43,-08:00,2025-01-25T20:23:43-08:00,0,32
global.js,50,js,1e2bf21f,Kevin Li,2025-01-25,20:23:43,-08:00,2025-01-25T20:23:43-08:00,0,12
global.js,51,js,1e2bf21f,Kevin Li,2025-01-25,20:23:43,-08:00,2025-01-25T20:23:43-08:00,0,0
global.js,52,js,1e2bf21f,Kevin Li,2025-01-25,20:23:43,-08:00,2025-01-25T20:23:43-08:00,0,27
global.js,53,js,1e2bf21f,Kevin Li,2025-01-25,20:23:43,-08:00,2025-01-25T20:23:43-08:00,0,5
global.js,54,js,1e2bf21f,Kevin Li,2025-01-25,20:23:43,-08:00,2025-01-25T20:23:43-08:00,0,7
global.js,55,js,1e2bf21f,Kevin Li,2025-01-25,20:23:43,-08:00,2025-01-25T20:23:43-08:00,0,38
global.js,56,js,1e2bf21f,Kevin Li,2025-01-25,20:23:43,-08:00,2025-01-25T20:23:43-08:00,0,35
global.js,57,js,1e2bf21f,Kevin Li,2025-01-25,20:23:43,-08:00,2025-01-25T20:23:43-08:00,0,33
global.js,58,js,1e2bf21f,Kevin Li,2025-01-25,20:23:43,-08:00,2025-01-25T20:23:43-08:00,0,8
global.js,59,js,1e2bf21f,Kevin Li,2025-01-25,20:23:43,-08:00,2025-01-25T20:23:43-08:00,0,8
global.js,60,js,1e2bf21f,Kevin Li,2025-01-25,20:23:43,-08:00,2025-01-25T20:23:43-08:00,0,1
global.js,61,js,1e2bf21f,Kevin Li,2025-01-25,20:23:43,-08:00,2025-01-25T20:23:43-08:00,0,0
global.js,62,js,1e2bf21f,Kevin Li,2025-01-25,20:23:43,-08:00,2025-01-25T20:23:43-08:00,0,47
global.js,63,js,1e2bf21f,Kevin Li,2025-01-25,20:23:43,-08:00,2025-01-25T20:23:43-08:00,0,0
global.js,64,js,1e2bf21f,Kevin Li,2025-01-25,20:23:43,-08:00,2025-01-25T20:23:43-08:00,0,28
global.js,65,js,1e2bf21f,Kevin Li,2025-01-25,20:23:43,-08:00,2025-01-25T20:23:43-08:00,0,64
global.js,66,js,1e2bf21f,Kevin Li,2025-01-25,20:23:43,-08:00,2025-01-25T20:23:43-08:00,0,84
global.js,67,js,1496c05e,Kevin Li,2025-01-31,15:32:54,-08:00,2025-01-31T15:32:54-08:00,0,39
global.js,68,js,8fab45a5,Kevin Li,2025-01-25,15:55:52,-08:00,2025-01-25T15:55:52-08:00,0,0
global.js,69,js,1e2bf21f,Kevin Li,2025-01-25,20:23:43,-08:00,2025-01-25T20:23:43-08:00,0,0
global.js,70,js,1e2bf21f,Kevin Li,2025-01-25,20:23:43,-08:00,2025-01-25T20:23:43-08:00,0,50
global.js,71,js,1e2bf21f,Kevin Li,2025-01-25,20:23:43,-08:00,2025-01-25T20:23:43-08:00,0,58
global.js,72,js,1e2bf21f,Kevin Li,2025-01-25,20:23:43,-08:00,2025-01-25T20:23:43-08:00,0,78
global.js,73,js,1496c05e,Kevin Li,2025-01-31,15:32:54,-08:00,2025-01-31T15:32:54-08:00,0,45
global.js,74,js,1e2bf21f,Kevin Li,2025-01-25,20:23:43,-08:00,2025-01-25T20:23:43-08:00,0,2
global.js,75,js,1e2bf21f,Kevin Li,2025-01-25,20:23:43,-08:00,2025-01-25T20:23:43-08:00,0,0
global.js,76,js,1e2bf21f,Kevin Li,2025-01-25,20:23:43,-08:00,2025-01-25T20:23:43-08:00,0,43
global.js,77,js,1e2bf21f,Kevin Li,2025-01-25,20:23:43,-08:00,2025-01-25T20:23:43-08:00,0,0
global.js,78,js,1e2bf21f,Kevin Li,2025-01-25,20:23:43,-08:00,2025-01-25T20:23:43-08:00,0,50
global.js,79,js,1e2bf21f,Kevin Li,2025-01-25,20:23:43,-08:00,2025-01-25T20:23:43-08:00,0,22
global.js,80,js,1e2bf21f,Kevin Li,2025-01-25,20:23:43,-08:00,2025-01-25T20:23:43-08:00,0,31
global.js,81,js,1496c05e,Kevin Li,2025-01-31,15:32:54,-08:00,2025-01-31T15:32:54-08:00,0,36
global.js,82,js,1e2bf21f,Kevin Li,2025-01-25,20:23:43,-08:00,2025-01-25T20:23:43-08:00,0,32
global.js,83,js,1e2bf21f,Kevin Li,2025-01-25,20:23:43,-08:00,2025-01-25T20:23:43-08:00,0,67
global.js,84,js,1e2bf21f,Kevin Li,2025-01-25,20:23:43,-08:00,2025-01-25T20:23:43-08:00,0,20
global.js,85,js,1496c05e,Kevin Li,2025-01-31,15:32:54,-08:00,2025-01-31T15:32:54-08:00,0,0
global.js,86,js,1e2bf21f,Kevin Li,2025-01-25,20:23:43,-08:00,2025-01-25T20:23:43-08:00,0,2
global.js,87,js,1e2bf21f,Kevin Li,2025-01-25,20:23:43,-08:00,2025-01-25T20:23:43-08:00,0,0
global.js,88,js,738fa437,Kevin Li,2025-01-25,21:29:39,-08:00,2025-01-25T21:29:39-08:00,0,0
global.js,89,js,1496c05e,Kevin Li,2025-01-31,15:32:54,-08:00,2025-01-31T15:32:54-08:00,0,37
global.js,90,js,1496c05e,Kevin Li,2025-01-31,15:32:54,-08:00,2025-01-31T15:32:54-08:00,0,4
global.js,91,js,1496c05e,Kevin Li,2025-01-31,15:32:54,-08:00,2025-01-31T15:32:54-08:00,0,40
global.js,92,js,1496c05e,Kevin Li,2025-01-31,15:32:54,-08:00,2025-01-31T15:32:54-08:00,0,33
global.js,93,js,1496c05e,Kevin Li,2025-01-31,15:32:54,-08:00,2025-01-31T15:32:54-08:00,0,0
global.js,94,js,1496c05e,Kevin Li,2025-01-31,15:32:54,-08:00,2025-01-31T15:32:54-08:00,0,18
global.js,95,js,1496c05e,Kevin Li,2025-01-31,15:32:54,-08:00,2025-01-31T15:32:54-08:00,0,67
global.js,96,js,1496c05e,Kevin Li,2025-01-31,15:32:54,-08:00,2025-01-31T15:32:54-08:00,0,0
global.js,97,js,1496c05e,Kevin Li,2025-01-31,15:32:54,-08:00,2025-01-31T15:32:54-08:00,0,34
global.js,98,js,1496c05e,Kevin Li,2025-01-31,15:32:54,-08:00,2025-01-31T15:32:54-08:00,0,11
global.js,99,js,1496c05e,Kevin Li,2025-01-31,15:32:54,-08:00,2025-01-31T15:32:54-08:00,0,0
global.js,100,js,1496c05e,Kevin Li,2025-01-31,15:32:54,-08:00,2025-01-31T15:32:54-08:00,0,16
global.js,101,js,1496c05e,Kevin Li,2025-01-31,15:32:54,-08:00,2025-01-31T15:32:54-08:00,0,60
global.js,102,js,1496c05e,Kevin Li,2025-01-31,15:32:54,-08:00,2025-01-31T15:32:54-08:00,0,0
global.js,103,js,1496c05e,Kevin Li,2025-01-31,15:32:54,-08:00,2025-01-31T15:32:54-08:00,0,0
global.js,104,js,1496c05e,Kevin Li,2025-01-31,15:32:54,-08:00,2025-01-31T15:32:54-08:00,0,0
global.js,105,js,1496c05e,Kevin Li,2025-01-31,15:32:54,-08:00,2025-01-31T15:32:54-08:00,0,0
global.js,106,js,1496c05e,Kevin Li,2025-01-31,15:32:54,-08:00,2025-01-31T15:32:54-08:00,0,0
global.js,107,js,1496c05e,Kevin Li,2025-01-31,15:32:54,-08:00,2025-01-31T15:32:54-08:00,0,80
global.js,108,js,1496c05e,Kevin Li,2025-01-31,15:32:54,-08:00,2025-01-31T15:32:54-08:00,0,0
global.js,109,js,1496c05e,Kevin Li,2025-01-31,15:32:54,-08:00,2025-01-31T15:32:54-08:00,0,0
global.js,110,js,1496c05e,Kevin Li,2025-01-31,15:32:54,-08:00,2025-01-31T15:32:54-08:00,0,31
global.js,111,js,1496c05e,Kevin Li,2025-01-31,15:32:54,-08:00,2025-01-31T15:32:54-08:00,0,70
global.js,112,js,1496c05e,Kevin Li,2025-01-31,15:32:54,-08:00,2025-01-31T15:32:54-08:00,0,23
global.js,113,js,1496c05e,Kevin Li,2025-01-31,15:32:54,-08:00,2025-01-31T15:32:54-08:00,0,49
global.js,114,js,1496c05e,Kevin Li,2025-01-31,15:32:54,-08:00,2025-01-31T15:32:54-08:00,0,20
global.js,115,js,d3387f85,Kevin Li,2025-01-31,17:37:04,-08:00,2025-01-31T17:37:04-08:00,0,59
global.js,116,js,d304e253,Kevin Li,2025-01-31,22:29:20,-08:00,2025-01-31T22:29:20-08:00,0,51
global.js,117,js,1496c05e,Kevin Li,2025-01-31,15:32:54,-08:00,2025-01-31T15:32:54-08:00,0,22
global.js,118,js,51c1160c,Kevin Li,2025-02-08,16:49:13,-08:00,2025-02-08T16:49:13-08:00,0,52
global.js,119,js,1496c05e,Kevin Li,2025-01-31,15:32:54,-08:00,2025-01-31T15:32:54-08:00,0,1
global.js,120,js,1496c05e,Kevin Li,2025-01-31,15:32:54,-08:00,2025-01-31T15:32:54-08:00,0,37
global.js,121,js,1496c05e,Kevin Li,2025-01-31,15:32:54,-08:00,2025-01-31T15:32:54-08:00,0,0
global.js,122,js,1496c05e,Kevin Li,2025-01-31,15:32:54,-08:00,2025-01-31T15:32:54-08:00,0,26
global.js,123,js,1496c05e,Kevin Li,2025-01-31,15:32:54,-08:00,2025-01-31T15:32:54-08:00,0,55
global.js,124,js,1496c05e,Kevin Li,2025-01-31,15:32:54,-08:00,2025-01-31T15:32:54-08:00,0,0
global.js,125,js,1496c05e,Kevin Li,2025-01-31,15:32:54,-08:00,2025-01-31T15:32:54-08:00,0,0
global.js,126,js,1496c05e,Kevin Li,2025-01-31,15:32:54,-08:00,2025-01-31T15:32:54-08:00,0,0
global.js,127,js,1496c05e,Kevin Li,2025-01-31,15:32:54,-08:00,2025-01-31T15:32:54-08:00,0,0
global.js,128,js,1496c05e,Kevin Li,2025-01-31,15:32:54,-08:00,2025-01-31T15:32:54-08:00,0,48
global.js,129,js,1496c05e,Kevin Li,2025-01-31,15:32:54,-08:00,2025-01-31T15:32:54-08:00,0,60
global.js,130,js,1496c05e,Kevin Li,2025-01-31,15:32:54,-08:00,2025-01-31T15:32:54-08:00,0,0
global.js,131,js,1e2bf21f,Kevin Li,2025-01-25,20:23:43,-08:00,2025-01-25T20:23:43-08:00,0,0
global.js,132,js,1cfc9e20,Kevin Li,2025-01-31,16:19:04,-08:00,2025-01-31T16:19:04-08:00,0,53
global.js,133,js,1cfc9e20,Kevin Li,2025-01-31,16:19:04,-08:00,2025-01-31T16:19:04-08:00,0,61
global.js,134,js,1cfc9e20,Kevin Li,2025-01-31,16:19:04,-08:00,2025-01-31T16:19:04-08:00,0,0
global.js,135,js,1cfc9e20,Kevin Li,2025-01-31,16:19:04,-08:00,2025-01-31T16:19:04-08:00,0,18
global.js,136,js,1cfc9e20,Kevin Li,2025-01-31,16:19:04,-08:00,2025-01-31T16:19:04-08:00,0,25
global.js,137,js,1cfc9e20,Kevin Li,2025-01-31,16:19:04,-08:00,2025-01-31T16:19:04-08:00,0,23
global.js,138,js,1cfc9e20,Kevin Li,2025-01-31,16:19:04,-08:00,2025-01-31T16:19:04-08:00,0,34
global.js,139,js,1cfc9e20,Kevin Li,2025-01-31,16:19:04,-08:00,2025-01-31T16:19:04-08:00,0,55
global.js,140,js,1cfc9e20,Kevin Li,2025-01-31,16:19:04,-08:00,2025-01-31T16:19:04-08:00,0,55
global.js,141,js,1cfc9e20,Kevin Li,2025-01-31,16:19:04,-08:00,2025-01-31T16:19:04-08:00,0,49
global.js,142,js,1cfc9e20,Kevin Li,2025-01-31,16:19:04,-08:00,2025-01-31T16:19:04-08:00,0,49
global.js,143,js,1cfc9e20,Kevin Li,2025-01-31,16:19:04,-08:00,2025-01-31T16:19:04-08:00,0,4
global.js,144,js,1cfc9e20,Kevin Li,2025-01-31,16:19:04,-08:00,2025-01-31T16:19:04-08:00,0,1
global.js,145,js,1cfc9e20,Kevin Li,2025-01-31,16:19:04,-08:00,2025-01-31T16:19:04-08:00,0,0
global.js,146,js,1cfc9e20,Kevin Li,2025-01-31,16:19:04,-08:00,2025-01-31T16:19:04-08:00,0,0
global.js,147,js,51c1160c,Kevin Li,2025-02-08,16:49:13,-08:00,2025-02-08T16:49:13-08:00,0,0
global.js,148,js,51c1160c,Kevin Li,2025-02-08,16:49:13,-08:00,2025-02-08T16:49:13-08:00,0,0
resume/index.html,1,html,4d052e44,Kevin Li,2025-01-11,16:53:33,-08:00,2025-01-11T16:53:33-08:00,0,14
resume/index.html,2,html,4d052e44,Kevin Li,2025-01-11,16:53:33,-08:00,2025-01-11T16:53:33-08:00,0,15
resume/index.html,3,html,4d052e44,Kevin Li,2025-01-11,16:53:33,-08:00,2025-01-11T16:53:33-08:00,0,5
resume/index.html,4,html,4d052e44,Kevin Li,2025-01-11,16:53:33,-08:00,2025-01-11T16:53:33-08:00,0,21
resume/index.html,5,html,4d052e44,Kevin Li,2025-01-11,16:53:33,-08:00,2025-01-11T16:53:33-08:00,0,69
resume/index.html,6,html,4d052e44,Kevin Li,2025-01-11,16:53:33,-08:00,2025-01-11T16:53:33-08:00,0,22
resume/index.html,7,html,a6a84d34,Kevin Li,2025-01-18,18:19:35,-08:00,2025-01-18T18:19:35-08:00,0,42
resume/index.html,8,html,d0dbbfd6,Kevin Li,2025-01-25,15:46:57,-08:00,2025-01-25T15:46:57-08:00,0,49
resume/index.html,9,html,4d052e44,Kevin Li,2025-01-11,16:53:33,-08:00,2025-01-11T16:53:33-08:00,0,6
resume/index.html,10,html,4d052e44,Kevin Li,2025-01-11,16:53:33,-08:00,2025-01-11T16:53:33-08:00,0,5
resume/index.html,11,html,4d052e44,Kevin Li,2025-01-11,16:53:33,-08:00,2025-01-11T16:53:33-08:00,0,0
resume/index.html,12,html,c3e30152,Kevin Li,2025-01-18,18:56:58,-08:00,2025-01-18T18:56:58-08:00,0,10
resume/index.html,13,html,c3e30152,Kevin Li,2025-01-18,18:56:58,-08:00,2025-01-18T18:56:58-08:00,0,0
resume/index.html,14,html,4d052e44,Kevin Li,2025-01-11,16:53:33,-08:00,2025-01-11T16:53:33-08:00,0,8
resume/index.html,15,html,4d052e44,Kevin Li,2025-01-11,16:53:33,-08:00,2025-01-11T16:53:33-08:00,0,28
resume/index.html,16,html,4d052e44,Kevin Li,2025-01-11,16:53:33,-08:00,2025-01-11T16:53:33-08:00,0,39
resume/index.html,17,html,f464054a,Kevin Li,2025-01-24,23:28:02,-08:00,2025-01-24T23:28:02-08:00,0,47
resume/index.html,18,html,4d052e44,Kevin Li,2025-01-11,16:53:33,-08:00,2025-01-11T16:53:33-08:00,0,43
resume/index.html,19,html,4d052e44,Kevin Li,2025-01-11,16:53:33,-08:00,2025-01-11T16:53:33-08:00,0,9
resume/index.html,20,html,4d052e44,Kevin Li,2025-01-11,16:53:33,-08:00,2025-01-11T16:53:33-08:00,0,0
resume/index.html,21,html,4d052e44,Kevin Li,2025-01-11,16:53:33,-08:00,2025-01-11T16:53:33-08:00,0,8
resume/index.html,22,html,4d052e44,Kevin Li,2025-01-11,16:53:33,-08:00,2025-01-11T16:53:33-08:00,0,17
resume/index.html,23,html,4d052e44,Kevin Li,2025-01-11,16:53:33,-08:00,2025-01-11T16:53:33-08:00,0,8
resume/index.html,24,html,4d052e44,Kevin Li,2025-01-11,16:53:33,-08:00,2025-01-11T16:53:33-08:00,0,42
resume/index.html,25,html,4d052e44,Kevin Li,2025-01-11,16:53:33,-08:00,2025-01-11T16:53:33-08:00,0,0
resume/index.html,26,html,4d052e44,Kevin Li,2025-01-11,16:53:33,-08:00,2025-01-11T16:53:33-08:00,0,26
resume/index.html,27,html,4d052e44,Kevin Li,2025-01-11,16:53:33,-08:00,2025-01-11T16:53:33-08:00,0,9
resume/index.html,28,html,4d052e44,Kevin Li,2025-01-11,16:53:33,-08:00,2025-01-11T16:53:33-08:00,0,9
resume/index.html,29,html,4d052e44,Kevin Li,2025-01-11,16:53:33,-08:00,2025-01-11T16:53:33-08:00,0,0
resume/index.html,30,html,4d052e44,Kevin Li,2025-01-11,16:53:33,-08:00,2025-01-11T16:53:33-08:00,0,8
resume/index.html,31,html,4d052e44,Kevin Li,2025-01-11,16:53:33,-08:00,2025-01-11T16:53:33-08:00,0,14
resume/index.html,32,html,4d052e44,Kevin Li,2025-01-11,16:53:33,-08:00,2025-01-11T16:53:33-08:00,0,3
resume/index.html,33,html,4d052e44,Kevin Li,2025-01-11,16:53:33,-08:00,2025-01-11T16:53:33-08:00,0,39
resume/index.html,34,html,4d052e44,Kevin Li,2025-01-11,16:53:33,-08:00,2025-01-11T16:53:33-08:00,0,39
resume/index.html,35,html,4d052e44,Kevin Li,2025-01-11,16:53:33,-08:00,2025-01-11T16:53:33-08:00,0,4
resume/index.html,36,html,4d052e44,Kevin Li,2025-01-11,16:53:33,-08:00,2025-01-11T16:53:33-08:00,0,9
resume/index.html,37,html,4d052e44,Kevin Li,2025-01-11,16:53:33,-08:00,2025-01-11T16:53:33-08:00,0,0
resume/index.html,38,html,4d052e44,Kevin Li,2025-01-11,16:53:33,-08:00,2025-01-11T16:53:33-08:00,0,6
resume/index.html,39,html,4d052e44,Kevin Li,2025-01-11,16:53:33,-08:00,2025-01-11T16:53:33-08:00,0,6
projects/projects.js,1,js,1496c05e,Kevin Li,2025-01-31,15:32:54,-08:00,2025-01-31T15:32:54-08:00,0,56
projects/projects.js,2,js,51c1160c,Kevin Li,2025-02-08,16:49:13,-08:00,2025-02-08T16:49:13-08:00,0,64
projects/projects.js,3,js,51c1160c,Kevin Li,2025-02-08,16:49:13,-08:00,2025-02-08T16:49:13-08:00,0,0
projects/projects.js,4,js,a3b19602,Kevin Li,2025-02-08,21:55:57,-08:00,2025-02-08T21:55:57-08:00,0,56
projects/projects.js,5,js,a3b19602,Kevin Li,2025-02-08,21:55:57,-08:00,2025-02-08T21:55:57-08:00,0,0
projects/projects.js,6,js,a3b19602,Kevin Li,2025-02-08,21:55:57,-08:00,2025-02-08T21:55:57-08:00,0,14
projects/projects.js,7,js,35937ad9,Kevin Li,2025-02-14,12:41:35,-08:00,2025-02-14T12:41:35-08:00,0,0
projects/projects.js,8,js,35937ad9,Kevin Li,2025-02-14,12:41:35,-08:00,2025-02-14T12:41:35-08:00,0,59
projects/projects.js,9,js,51c1160c,Kevin Li,2025-02-08,16:49:13,-08:00,2025-02-08T16:49:13-08:00,0,58
projects/projects.js,10,js,a3b19602,Kevin Li,2025-02-08,21:55:57,-08:00,2025-02-08T21:55:57-08:00,0,48
projects/projects.js,11,js,35937ad9,Kevin Li,2025-02-14,12:41:35,-08:00,2025-02-14T12:41:35-08:00,0,0
projects/projects.js,12,js,a3b19602,Kevin Li,2025-02-08,21:55:57,-08:00,2025-02-08T21:55:57-08:00,0,54
projects/projects.js,13,js,35937ad9,Kevin Li,2025-02-14,12:41:35,-08:00,2025-02-14T12:41:35-08:00,0,12
projects/projects.js,14,js,35937ad9,Kevin Li,2025-02-14,12:41:35,-08:00,2025-02-14T12:41:35-08:00,0,18
projects/projects.js,15,js,a3b19602,Kevin Li,2025-02-08,21:55:57,-08:00,2025-02-08T21:55:57-08:00,0,0
projects/projects.js,16,js,a3b19602,Kevin Li,2025-02-08,21:55:57,-08:00,2025-02-08T21:55:57-08:00,0,41
projects/projects.js,17,js,a3b19602,Kevin Li,2025-02-08,21:55:57,-08:00,2025-02-08T21:55:57-08:00,0,39
projects/projects.js,18,js,a3b19602,Kevin Li,2025-02-08,21:55:57,-08:00,2025-02-08T21:55:57-08:00,0,0
projects/projects.js,19,js,a3b19602,Kevin Li,2025-02-08,21:55:57,-08:00,2025-02-08T21:55:57-08:00,0,26
projects/projects.js,20,js,a3b19602,Kevin Li,2025-02-08,21:55:57,-08:00,2025-02-08T21:55:57-08:00,0,27
projects/projects.js,21,js,a3b19602,Kevin Li,2025-02-08,21:55:57,-08:00,2025-02-08T21:55:57-08:00,0,13
projects/projects.js,22,js,a3b19602,Kevin Li,2025-02-08,21:55:57,-08:00,2025-02-08T21:55:57-08:00,0,15
projects/projects.js,23,js,a3b19602,Kevin Li,2025-02-08,21:55:57,-08:00,2025-02-08T21:55:57-08:00,0,13
projects/projects.js,24,js,a3b19602,Kevin Li,2025-02-08,21:55:57,-08:00,2025-02-08T21:55:57-08:00,0,1
projects/projects.js,25,js,51c1160c,Kevin Li,2025-02-08,16:49:13,-08:00,2025-02-08T16:49:13-08:00,0,0
projects/projects.js,26,js,07846c8c,Kevin Li,2025-02-08,23:59:57,-08:00,2025-02-08T23:59:57-08:00,0,22
projects/projects.js,27,js,a3b19602,Kevin Li,2025-02-08,21:55:57,-08:00,2025-02-08T21:55:57-08:00,0,19
projects/projects.js,28,js,a3b19602,Kevin Li,2025-02-08,21:55:57,-08:00,2025-02-08T21:55:57-08:00,0,45
projects/projects.js,29,js,a3b19602,Kevin Li,2025-02-08,21:55:57,-08:00,2025-02-08T21:55:57-08:00,0,36
projects/projects.js,30,js,51c1160c,Kevin Li,2025-02-08,16:49:13,-08:00,2025-02-08T16:49:13-08:00,0,2
projects/projects.js,31,js,51c1160c,Kevin Li,2025-02-08,16:49:13,-08:00,2025-02-08T16:49:13-08:00,0,0
projects/projects.js,32,js,a3b19602,Kevin Li,2025-02-08,21:55:57,-08:00,2025-02-08T21:55:57-08:00,0,51
projects/projects.js,33,js,a3b19602,Kevin Li,2025-02-08,21:55:57,-08:00,2025-02-08T21:55:57-08:00,0,51
projects/projects.js,34,js,a3b19602,Kevin Li,2025-02-08,21:55:57,-08:00,2025-02-08T21:55:57-08:00,0,34
projects/projects.js,35,js,a3b19602,Kevin Li,2025-02-08,21:55:57,-08:00,2025-02-08T21:55:57-08:00,0,46
projects/projects.js,36,js,51c1160c,Kevin Li,2025-02-08,16:49:13,-08:00,2025-02-08T16:49:13-08:00,0,0
projects/projects.js,37,js,a3b19602,Kevin Li,2025-02-08,21:55:57,-08:00,2025-02-08T21:55:57-08:00,0,28
projects/projects.js,38,js,a3b19602,Kevin Li,2025-02-08,21:55:57,-08:00,2025-02-08T21:55:57-08:00,0,0
projects/projects.js,39,js,a3b19602,Kevin Li,2025-02-08,21:55:57,-08:00,2025-02-08T21:55:57-08:00,0,33
projects/projects.js,40,js,a3b19602,Kevin Li,2025-02-08,21:55:57,-08:00,2025-02-08T21:55:57-08:00,0,30
projects/projects.js,41,js,a3b19602,Kevin Li,2025-02-08,21:55:57,-08:00,2025-02-08T21:55:57-08:00,0,0
projects/projects.js,42,js,a3b19602,Kevin Li,2025-02-08,21:55:57,-08:00,2025-02-08T21:55:57-08:00,0,26
projects/projects.js,43,js,a3b19602,Kevin Li,2025-02-08,21:55:57,-08:00,2025-02-08T21:55:57-08:00,0,25
projects/projects.js,44,js,a3b19602,Kevin Li,2025-02-08,21:55:57,-08:00,2025-02-08T21:55:57-08:00,0,18
projects/projects.js,45,js,a3b19602,Kevin Li,2025-02-08,21:55:57,-08:00,2025-02-08T21:55:57-08:00,0,39
projects/projects.js,46,js,a3b19602,Kevin Li,2025-02-08,21:55:57,-08:00,2025-02-08T21:55:57-08:00,0,70
projects/projects.js,47,js,a3b19602,Kevin Li,2025-02-08,21:55:57,-08:00,2025-02-08T21:55:57-08:00,0,2
projects/projects.js,48,js,51c1160c,Kevin Li,2025-02-08,16:49:13,-08:00,2025-02-08T16:49:13-08:00,0,0
projects/projects.js,49,js,51c1160c,Kevin Li,2025-02-08,16:49:13,-08:00,2025-02-08T16:49:13-08:00,0,0
projects/projects.js,50,js,a3b19602,Kevin Li,2025-02-08,21:55:57,-08:00,2025-02-08T21:55:57-08:00,0,26
projects/projects.js,51,js,a3b19602,Kevin Li,2025-02-08,21:55:57,-08:00,2025-02-08T21:55:57-08:00,0,30
projects/projects.js,52,js,a3b19602,Kevin Li,2025-02-08,21:55:57,-08:00,2025-02-08T21:55:57-08:00,0,25
projects/projects.js,53,js,a3b19602,Kevin Li,2025-02-08,21:55:57,-08:00,2025-02-08T21:55:57-08:00,0,2
projects/projects.js,54,js,a3b19602,Kevin Li,2025-02-08,21:55:57,-08:00,2025-02-08T21:55:57-08:00,0,14
projects/projects.js,55,js,a3b19602,Kevin Li,2025-02-08,21:55:57,-08:00,2025-02-08T21:55:57-08:00,0,14
projects/projects.js,56,js,a3b19602,Kevin Li,2025-02-08,21:55:57,-08:00,2025-02-08T21:55:57-08:00,0,23
projects/projects.js,57,js,a3b19602,Kevin Li,2025-02-08,21:55:57,-08:00,2025-02-08T21:55:57-08:00,0,19
projects/projects.js,58,js,a3b19602,Kevin Li,2025-02-08,21:55:57,-08:00,2025-02-08T21:55:57-08:00,0,44
projects/projects.js,59,js,a3b19602,Kevin Li,2025-02-08,21:55:57,-08:00,2025-02-08T21:55:57-08:00,0,2
projects/projects.js,60,js,a3b19602,Kevin Li,2025-02-08,21:55:57,-08:00,2025-02-08T21:55:57-08:00,0,17
projects/projects.js,61,js,a3b19602,Kevin Li,2025-02-08,21:55:57,-08:00,2025-02-08T21:55:57-08:00,0,27
projects/projects.js,62,js,07846c8c,Kevin Li,2025-02-08,23:59:57,-08:00,2025-02-08T23:59:57-08:00,0,41
projects/projects.js,63,js,07846c8c,Kevin Li,2025-02-08,23:59:57,-08:00,2025-02-08T23:59:57-08:00,0,40
projects/projects.js,64,js,fd60b0a4,Kevin Li,2025-02-12,15:10:19,-08:00,2025-02-12T15:10:19-08:00,0,0
projects/projects.js,65,js,fd60b0a4,Kevin Li,2025-02-12,15:10:19,-08:00,2025-02-12T15:10:19-08:00,0,21
projects/projects.js,66,js,fd60b0a4,Kevin Li,2025-02-12,15:10:19,-08:00,2025-02-12T15:10:19-08:00,0,27
projects/projects.js,67,js,fd60b0a4,Kevin Li,2025-02-12,15:10:19,-08:00,2025-02-12T15:10:19-08:00,0,41
projects/projects.js,68,js,fd60b0a4,Kevin Li,2025-02-12,15:10:19,-08:00,2025-02-12T15:10:19-08:00,0,0
projects/projects.js,69,js,fd60b0a4,Kevin Li,2025-02-12,15:10:19,-08:00,2025-02-12T15:10:19-08:00,0,0
projects/projects.js,70,js,fd60b0a4,Kevin Li,2025-02-12,15:10:19,-08:00,2025-02-12T15:10:19-08:00,0,25
projects/projects.js,71,js,07846c8c,Kevin Li,2025-02-08,23:59:57,-08:00,2025-02-08T23:59:57-08:00,0,26
projects/projects.js,72,js,35937ad9,Kevin Li,2025-02-14,12:41:35,-08:00,2025-02-14T12:41:35-08:00,0,56
projects/projects.js,73,js,35937ad9,Kevin Li,2025-02-14,12:41:35,-08:00,2025-02-14T12:41:35-08:00,0,66
projects/projects.js,74,js,35937ad9,Kevin Li,2025-02-14,12:41:35,-08:00,2025-02-14T12:41:35-08:00,0,29
projects/projects.js,75,js,35937ad9,Kevin Li,2025-02-14,12:41:35,-08:00,2025-02-14T12:41:35-08:00,0,2
projects/projects.js,76,js,35937ad9,Kevin Li,2025-02-14,12:41:35,-08:00,2025-02-14T12:41:35-08:00,0,54
projects/projects.js,77,js,35937ad9,Kevin Li,2025-02-14,12:41:35,-08:00,2025-02-14T12:41:35-08:00,0,54
projects/projects.js,78,js,07846c8c,Kevin Li,2025-02-08,23:59:57,-08:00,2025-02-08T23:59:57-08:00,0,54
projects/projects.js,79,js,35937ad9,Kevin Li,2025-02-14,12:41:35,-08:00,2025-02-14T12:41:35-08:00,0,0
projects/projects.js,80,js,35937ad9,Kevin Li,2025-02-14,12:41:35,-08:00,2025-02-14T12:41:35-08:00,0,15
projects/projects.js,81,js,07846c8c,Kevin Li,2025-02-08,23:59:57,-08:00,2025-02-08T23:59:57-08:00,0,7
projects/projects.js,82,js,35937ad9,Kevin Li,2025-02-14,12:41:35,-08:00,2025-02-14T12:41:35-08:00,0,40
projects/projects.js,83,js,35937ad9,Kevin Li,2025-02-14,12:41:35,-08:00,2025-02-14T12:41:35-08:00,0,65
projects/projects.js,84,js,35937ad9,Kevin Li,2025-02-14,12:41:35,-08:00,2025-02-14T12:41:35-08:00,0,87
projects/projects.js,85,js,35937ad9,Kevin Li,2025-02-14,12:41:35,-08:00,2025-02-14T12:41:35-08:00,0,59
projects/projects.js,86,js,35937ad9,Kevin Li,2025-02-14,12:41:35,-08:00,2025-02-14T12:41:35-08:00,0,67
projects/projects.js,87,js,35937ad9,Kevin Li,2025-02-14,12:41:35,-08:00,2025-02-14T12:41:35-08:00,0,29
projects/projects.js,88,js,35937ad9,Kevin Li,2025-02-14,12:41:35,-08:00,2025-02-14T12:41:35-08:00,0,2
projects/projects.js,89,js,35937ad9,Kevin Li,2025-02-14,12:41:35,-08:00,2025-02-14T12:41:35-08:00,0,14
projects/projects.js,90,js,35937ad9,Kevin Li,2025-02-14,12:41:35,-08:00,2025-02-14T12:41:35-08:00,0,54
projects/projects.js,91,js,35937ad9,Kevin Li,2025-02-14,12:41:35,-08:00,2025-02-14T12:41:35-08:00,0,55
projects/projects.js,92,js,07846c8c,Kevin Li,2025-02-08,23:59:57,-08:00,2025-02-08T23:59:57-08:00,0,0
projects/projects.js,93,js,07846c8c,Kevin Li,2025-02-08,23:59:57,-08:00,2025-02-08T23:59:57-08:00,0,34
projects/projects.js,94,js,35937ad9,Kevin Li,2025-02-14,12:41:35,-08:00,2025-02-14T12:41:35-08:00,0,55
projects/projects.js,95,js,07846c8c,Kevin Li,2025-02-08,23:59:57,-08:00,2025-02-08T23:59:57-08:00,0,0
projects/projects.js,96,js,07846c8c,Kevin Li,2025-02-08,23:59:57,-08:00,2025-02-08T23:59:57-08:00,0,0
projects/projects.js,97,js,fd60b0a4,Kevin Li,2025-02-12,15:10:19,-08:00,2025-02-12T15:10:19-08:00,0,0
projects/projects.js,98,js,fd60b0a4,Kevin Li,2025-02-12,15:10:19,-08:00,2025-02-12T15:10:19-08:00,0,0
projects/projects.js,99,js,07846c8c,Kevin Li,2025-02-08,23:59:57,-08:00,2025-02-08T23:59:57-08:00,0,0
projects/projects.js,100,js,07846c8c,Kevin Li,2025-02-08,23:59:57,-08:00,2025-02-08T23:59:57-08:00,0,1
projects/projects.js,101,js,a3b19602,Kevin Li,2025-02-08,21:55:57,-08:00,2025-02-08T21:55:57-08:00,0,2
projects/projects.js,102,js,fd60b0a4,Kevin Li,2025-02-12,15:10:19,-08:00,2025-02-12T15:10:19-08:00,0,21
projects/projects.js,103,js,a3b19602,Kevin Li,2025-02-08,21:55:57,-08:00,2025-02-08T21:55:57-08:00,0,0
projects/projects.js,104,js,a3b19602,Kevin Li,2025-02-08,21:55:57,-08:00,2025-02-08T21:55:57-08:00,0,54
projects/projects.js,105,js,a3b19602,Kevin Li,2025-02-08,21:55:57,-08:00,2025-02-08T21:55:57-08:00,0,54
projects/projects.js,106,js,a3b19602,Kevin Li,2025-02-08,21:55:57,-08:00,2025-02-08T21:55:57-08:00,0,54
projects/projects.js,107,js,51c1160c,Kevin Li,2025-02-08,16:49:13,-08:00,2025-02-08T16:49:13-08:00,0,0
projects/projects.js,108,js,a3b19602,Kevin Li,2025-02-08,21:55:57,-08:00,2025-02-08T21:55:57-08:00,0,0
projects/projects.js,109,js,a3b19602,Kevin Li,2025-02-08,21:55:57,-08:00,2025-02-08T21:55:57-08:00,0,33
projects/projects.js,110,js,a3b19602,Kevin Li,2025-02-08,21:55:57,-08:00,2025-02-08T21:55:57-08:00,0,24
projects/projects.js,111,js,a3b19602,Kevin Li,2025-02-08,21:55:57,-08:00,2025-02-08T21:55:57-08:00,0,0
projects/projects.js,112,js,a3b19602,Kevin Li,2025-02-08,21:55:57,-08:00,2025-02-08T21:55:57-08:00,0,49
projects/projects.js,113,js,a3b19602,Kevin Li,2025-02-08,21:55:57,-08:00,2025-02-08T21:55:57-08:00,0,40
projects/projects.js,114,js,a3b19602,Kevin Li,2025-02-08,21:55:57,-08:00,2025-02-08T21:55:57-08:00,0,0
projects/projects.js,115,js,a3b19602,Kevin Li,2025-02-08,21:55:57,-08:00,2025-02-08T21:55:57-08:00,0,52
projects/projects.js,116,js,a3b19602,Kevin Li,2025-02-08,21:55:57,-08:00,2025-02-08T21:55:57-08:00,0,60
projects/projects.js,117,js,a3b19602,Kevin Li,2025-02-08,21:55:57,-08:00,2025-02-08T21:55:57-08:00,0,29
projects/projects.js,118,js,a3b19602,Kevin Li,2025-02-08,21:55:57,-08:00,2025-02-08T21:55:57-08:00,0,2
projects/projects.js,119,js,35937ad9,Kevin Li,2025-02-14,12:41:35,-08:00,2025-02-14T12:41:35-08:00,0,12
projects/projects.js,120,js,35937ad9,Kevin Li,2025-02-14,12:41:35,-08:00,2025-02-14T12:41:35-08:00,0,0
projects/projects.js,121,js,35937ad9,Kevin Li,2025-02-14,12:41:35,-08:00,2025-02-14T12:41:35-08:00,0,94
projects/projects.js,122,js,35937ad9,Kevin Li,2025-02-14,12:41:35,-08:00,2025-02-14T12:41:35-08:00,0,0
projects/projects.js,123,js,a3b19602,Kevin Li,2025-02-08,21:55:57,-08:00,2025-02-08T21:55:57-08:00,0,0
projects/projects.js,124,js,35937ad9,Kevin Li,2025-02-14,12:41:35,-08:00,2025-02-14T12:41:35-08:00,0,57
projects/projects.js,125,js,a3b19602,Kevin Li,2025-02-08,21:55:57,-08:00,2025-02-08T21:55:57-08:00,0,2
projects/projects.js,126,js,a3b19602,Kevin Li,2025-02-08,21:55:57,-08:00,2025-02-08T21:55:57-08:00,0,0
projects/projects.js,127,js,a3b19602,Kevin Li,2025-02-08,21:55:57,-08:00,2025-02-08T21:55:57-08:00,0,0
projects/projects.js,128,js,a3b19602,Kevin Li,2025-02-08,21:55:57,-08:00,2025-02-08T21:55:57-08:00,0,0
projects/projects.js,129,js,a3b19602,Kevin Li,2025-02-08,21:55:57,-08:00,2025-02-08T21:55:57-08:00,0,0
projects/projects.js,130,js,a3b19602,Kevin Li,2025-02-08,21:55:57,-08:00,2025-02-08T21:55:57-08:00,0,0
projects/projects.js,131,js,a3b19602,Kevin Li,2025-02-08,21:55:57,-08:00,2025-02-08T21:55:57-08:00,0,0
projects/projects.js,132,js,a3b19602,Kevin Li,2025-02-08,21:55:57,-08:00,2025-02-08T21:55:57-08:00,0,62
projects/projects.js,133,js,a3b19602,Kevin Li,2025-02-08,21:55:57,-08:00,2025-02-08T21:55:57-08:00,0,0
projects/projects.js,134,js,a3b19602,Kevin Li,2025-02-08,21:55:57,-08:00,2025-02-08T21:55:57-08:00,0,27
projects/projects.js,135,js,a3b19602,Kevin Li,2025-02-08,21:55:57,-08:00,2025-02-08T21:55:57-08:00,0,8
projects/projects.js,136,js,a3b19602,Kevin Li,2025-02-08,21:55:57,-08:00,2025-02-08T21:55:57-08:00,0,15
projects/projects.js,137,js,a3b19602,Kevin Li,2025-02-08,21:55:57,-08:00,2025-02-08T21:55:57-08:00,0,13
projects/projects.js,138,js,a3b19602,Kevin Li,2025-02-08,21:55:57,-08:00,2025-02-08T21:55:57-08:00,0,1
projects/projects.js,139,js,a3b19602,Kevin Li,2025-02-08,21:55:57,-08:00,2025-02-08T21:55:57-08:00,0,0
projects/projects.js,140,js,a3b19602,Kevin Li,2025-02-08,21:55:57,-08:00,2025-02-08T21:55:57-08:00,0,45
projects/projects.js,141,js,a3b19602,Kevin Li,2025-02-08,21:55:57,-08:00,2025-02-08T21:55:57-08:00,0,36
projects/projects.js,142,js,a3b19602,Kevin Li,2025-02-08,21:55:57,-08:00,2025-02-08T21:55:57-08:00,0,2
projects/projects.js,143,js,a3b19602,Kevin Li,2025-02-08,21:55:57,-08:00,2025-02-08T21:55:57-08:00,0,0
projects/projects.js,144,js,a3b19602,Kevin Li,2025-02-08,21:55:57,-08:00,2025-02-08T21:55:57-08:00,0,51
projects/projects.js,145,js,a3b19602,Kevin Li,2025-02-08,21:55:57,-08:00,2025-02-08T21:55:57-08:00,0,34
projects/projects.js,146,js,51c1160c,Kevin Li,2025-02-08,16:49:13,-08:00,2025-02-08T16:49:13-08:00,0,46
projects/projects.js,147,js,a3b19602,Kevin Li,2025-02-08,21:55:57,-08:00,2025-02-08T21:55:57-08:00,0,48
projects/projects.js,148,js,51c1160c,Kevin Li,2025-02-08,16:49:13,-08:00,2025-02-08T16:49:13-08:00,0,0
projects/projects.js,149,js,a3b19602,Kevin Li,2025-02-08,21:55:57,-08:00,2025-02-08T21:55:57-08:00,0,33
projects/projects.js,150,js,51c1160c,Kevin Li,2025-02-08,16:49:13,-08:00,2025-02-08T16:49:13-08:00,0,0
projects/projects.js,151,js,a3b19602,Kevin Li,2025-02-08,21:55:57,-08:00,2025-02-08T21:55:57-08:00,0,25
projects/projects.js,152,js,a3b19602,Kevin Li,2025-02-08,21:55:57,-08:00,2025-02-08T21:55:57-08:00,0,18
projects/projects.js,153,js,a3b19602,Kevin Li,2025-02-08,21:55:57,-08:00,2025-02-08T21:55:57-08:00,0,39
projects/projects.js,154,js,a3b19602,Kevin Li,2025-02-08,21:55:57,-08:00,2025-02-08T21:55:57-08:00,0,70
projects/projects.js,155,js,a3b19602,Kevin Li,2025-02-08,21:55:57,-08:00,2025-02-08T21:55:57-08:00,0,2
projects/projects.js,156,js,51c1160c,Kevin Li,2025-02-08,16:49:13,-08:00,2025-02-08T16:49:13-08:00,0,0
projects/projects.js,157,js,a3b19602,Kevin Li,2025-02-08,21:55:57,-08:00,2025-02-08T21:55:57-08:00,0,27
projects/projects.js,158,js,a3b19602,Kevin Li,2025-02-08,21:55:57,-08:00,2025-02-08T21:55:57-08:00,0,15
projects/projects.js,159,js,a3b19602,Kevin Li,2025-02-08,21:55:57,-08:00,2025-02-08T21:55:57-08:00,0,14
projects/projects.js,160,js,a3b19602,Kevin Li,2025-02-08,21:55:57,-08:00,2025-02-08T21:55:57-08:00,0,14
projects/projects.js,161,js,a3b19602,Kevin Li,2025-02-08,21:55:57,-08:00,2025-02-08T21:55:57-08:00,0,25
projects/projects.js,162,js,51c1160c,Kevin Li,2025-02-08,16:49:13,-08:00,2025-02-08T16:49:13-08:00,0,1
projects/projects.js,163,js,51c1160c,Kevin Li,2025-02-08,16:49:13,-08:00,2025-02-08T16:49:13-08:00,0,0
projects/projects.js,164,js,a3b19602,Kevin Li,2025-02-08,21:55:57,-08:00,2025-02-08T21:55:57-08:00,0,14
projects/projects.js,165,js,a3b19602,Kevin Li,2025-02-08,21:55:57,-08:00,2025-02-08T21:55:57-08:00,0,0
projects/projects.js,166,js,a3b19602,Kevin Li,2025-02-08,21:55:57,-08:00,2025-02-08T21:55:57-08:00,0,54
projects/projects.js,167,js,a3b19602,Kevin Li,2025-02-08,21:55:57,-08:00,2025-02-08T21:55:57-08:00,0,59
projects/projects.js,168,js,a3b19602,Kevin Li,2025-02-08,21:55:57,-08:00,2025-02-08T21:55:57-08:00,0,0
projects/projects.js,169,js,a3b19602,Kevin Li,2025-02-08,21:55:57,-08:00,2025-02-08T21:55:57-08:00,0,49
projects/projects.js,170,js,a3b19602,Kevin Li,2025-02-08,21:55:57,-08:00,2025-02-08T21:55:57-08:00,0,20
projects/projects.js,171,js,a3b19602,Kevin Li,2025-02-08,21:55:57,-08:00,2025-02-08T21:55:57-08:00,0,40
projects/projects.js,172,js,a3b19602,Kevin Li,2025-02-08,21:55:57,-08:00,2025-02-08T21:55:57-08:00,0,0
projects/projects.js,173,js,a3b19602,Kevin Li,2025-02-08,21:55:57,-08:00,2025-02-08T21:55:57-08:00,0,40
projects/projects.js,174,js,a3b19602,Kevin Li,2025-02-08,21:55:57,-08:00,2025-02-08T21:55:57-08:00,0,52
projects/projects.js,175,js,a3b19602,Kevin Li,2025-02-08,21:55:57,-08:00,2025-02-08T21:55:57-08:00,0,60
projects/projects.js,176,js,a3b19602,Kevin Li,2025-02-08,21:55:57,-08:00,2025-02-08T21:55:57-08:00,0,43
projects/projects.js,177,js,a3b19602,Kevin Li,2025-02-08,21:55:57,-08:00,2025-02-08T21:55:57-08:00,0,2
projects/projects.js,178,js,a3b19602,Kevin Li,2025-02-08,21:55:57,-08:00,2025-02-08T21:55:57-08:00,0,0
projects/projects.js,179,js,a3b19602,Kevin Li,2025-02-08,21:55:57,-08:00,2025-02-08T21:55:57-08:00,0,25
projects/projects.js,180,js,a3b19602,Kevin Li,2025-02-08,21:55:57,-08:00,2025-02-08T21:55:57-08:00,0,57
projects/projects.js,181,js,a3b19602,Kevin Li,2025-02-08,21:55:57,-08:00,2025-02-08T21:55:57-08:00,0,2
projects/projects.js,182,js,51c1160c,Kevin Li,2025-02-08,16:49:13,-08:00,2025-02-08T16:49:13-08:00,0,0
projects/projects.js,183,js,d3387f85,Kevin Li,2025-01-31,17:37:04,-08:00,2025-01-31T17:37:04-08:00,0,49
projects/projects.js,184,js,1496c05e,Kevin Li,2025-01-31,15:32:54,-08:00,2025-01-31T15:32:54-08:00,0,56
projects/projects.js,185,js,a3b19602,Kevin Li,2025-02-08,21:55:57,-08:00,2025-02-08T21:55:57-08:00,0,52
projects/index.js,1,js,e4b7ff99,Kevin Li,2025-01-31,22:59:04,-08:00,2025-01-31T22:59:04-08:00,0,73
projects/index.js,2,js,d4f17394,Kevin Li,2025-01-31,16:44:08,-08:00,2025-01-31T16:44:08-08:00,0,0
projects/index.js,3,js,62f7ac57,Kevin Li,2025-01-31,17:31:16,-08:00,2025-01-31T17:31:16-08:00,0,53
projects/index.js,4,js,d4f17394,Kevin Li,2025-01-31,16:44:08,-08:00,2025-01-31T16:44:08-08:00,0,43
projects/index.js,5,js,fb9fa794,Kevin Li,2025-01-31,22:50:59,-08:00,2025-01-31T22:50:59-08:00,0,0
projects/index.js,6,js,fb9fa794,Kevin Li,2025-01-31,22:50:59,-08:00,2025-01-31T22:50:59-08:00,0,0
projects/index.js,7,js,d4f17394,Kevin Li,2025-01-31,16:44:08,-08:00,2025-01-31T16:44:08-08:00,0,61
projects/index.js,8,js,d4f17394,Kevin Li,2025-01-31,16:44:08,-08:00,2025-01-31T16:44:08-08:00,0,55
projects/index.js,9,js,d4f17394,Kevin Li,2025-01-31,16:44:08,-08:00,2025-01-31T16:44:08-08:00,0,0
projects/index.js,10,js,d4f17394,Kevin Li,2025-01-31,16:44:08,-08:00,2025-01-31T16:44:08-08:00,0,53
projects/index.js,11,js,d4f17394,Kevin Li,2025-01-31,16:44:08,-08:00,2025-01-31T16:44:08-08:00,0,61
projects/index.js,12,js,d4f17394,Kevin Li,2025-01-31,16:44:08,-08:00,2025-01-31T16:44:08-08:00,0,0
projects/index.js,13,js,d4f17394,Kevin Li,2025-01-31,16:44:08,-08:00,2025-01-31T16:44:08-08:00,0,18
projects/index.js,14,js,d4f17394,Kevin Li,2025-01-31,16:44:08,-08:00,2025-01-31T16:44:08-08:00,0,25
projects/index.js,15,js,d4f17394,Kevin Li,2025-01-31,16:44:08,-08:00,2025-01-31T16:44:08-08:00,0,23
projects/index.js,16,js,d4f17394,Kevin Li,2025-01-31,16:44:08,-08:00,2025-01-31T16:44:08-08:00,0,34
projects/index.js,17,js,d4f17394,Kevin Li,2025-01-31,16:44:08,-08:00,2025-01-31T16:44:08-08:00,0,55
projects/index.js,18,js,d4f17394,Kevin Li,2025-01-31,16:44:08,-08:00,2025-01-31T16:44:08-08:00,0,55
projects/index.js,19,js,d4f17394,Kevin Li,2025-01-31,16:44:08,-08:00,2025-01-31T16:44:08-08:00,0,49
projects/index.js,20,js,d4f17394,Kevin Li,2025-01-31,16:44:08,-08:00,2025-01-31T16:44:08-08:00,0,49
projects/index.js,21,js,10c3a03d,Kevin Li,2025-01-31,17:21:44,-08:00,2025-01-31T17:21:44-08:00,0,4
projects/index.js,22,js,a150e0a2,Kevin Li,2025-01-31,17:11:58,-08:00,2025-01-31T17:11:58-08:00,0,4
projects/index.js,23,js,d4f17394,Kevin Li,2025-01-31,16:44:08,-08:00,2025-01-31T16:44:08-08:00,0,1
projects/index.js,24,js,10c3a03d,Kevin Li,2025-01-31,17:21:44,-08:00,2025-01-31T17:21:44-08:00,0,0
projects/index.html,1,html,cb5ab8f9,Kevin Li,2025-01-11,14:37:45,-08:00,2025-01-11T14:37:45-08:00,0,14
projects/index.html,2,html,cb5ab8f9,Kevin Li,2025-01-11,14:37:45,-08:00,2025-01-11T14:37:45-08:00,0,15
projects/index.html,3,html,cb5ab8f9,Kevin Li,2025-01-11,14:37:45,-08:00,2025-01-11T14:37:45-08:00,0,5
projects/index.html,4,html,cb5ab8f9,Kevin Li,2025-01-11,14:37:45,-08:00,2025-01-11T14:37:45-08:00,0,21
projects/index.html,5,html,cb5ab8f9,Kevin Li,2025-01-11,14:37:45,-08:00,2025-01-11T14:37:45-08:00,0,69
projects/index.html,6,html,cb5ab8f9,Kevin Li,2025-01-11,14:37:45,-08:00,2025-01-11T14:37:45-08:00,0,31
projects/index.html,7,html,d4f17394,Kevin Li,2025-01-31,16:44:08,-08:00,2025-01-31T16:44:08-08:00,0,0
projects/index.html,8,html,d4f17394,Kevin Li,2025-01-31,16:44:08,-08:00,2025-01-31T16:44:08-08:00,0,48
projects/index.html,9,html,a6a84d34,Kevin Li,2025-01-18,18:19:35,-08:00,2025-01-18T18:19:35-08:00,0,42
projects/index.html,10,html,d0dbbfd6,Kevin Li,2025-01-25,15:46:57,-08:00,2025-01-25T15:46:57-08:00,0,49
projects/index.html,11,html,51c1160c,Kevin Li,2025-02-08,16:49:13,-08:00,2025-02-08T16:49:13-08:00,0,0
projects/index.html,12,html,cb5ab8f9,Kevin Li,2025-01-11,14:37:45,-08:00,2025-01-11T14:37:45-08:00,0,6
projects/index.html,13,html,cb5ab8f9,Kevin Li,2025-01-11,14:37:45,-08:00,2025-01-11T14:37:45-08:00,0,5
projects/index.html,14,html,1496c05e,Kevin Li,2025-01-31,15:32:54,-08:00,2025-01-31T15:32:54-08:00,0,40
projects/index.html,15,html,a6a84d34,Kevin Li,2025-01-18,18:19:35,-08:00,2025-01-18T18:19:35-08:00,0,0
projects/index.html,16,html,a3b19602,Kevin Li,2025-02-08,21:55:57,-08:00,2025-02-08T21:55:57-08:00,0,22
projects/index.html,17,html,a3b19602,Kevin Li,2025-02-08,21:55:57,-08:00,2025-02-08T21:55:57-08:00,0,53
projects/index.html,18,html,a3b19602,Kevin Li,2025-02-08,21:55:57,-08:00,2025-02-08T21:55:57-08:00,0,18
projects/index.html,19,html,a3b19602,Kevin Li,2025-02-08,21:55:57,-08:00,2025-02-08T21:55:57-08:00,0,17
projects/index.html,20,html,a3b19602,Kevin Li,2025-02-08,21:55:57,-08:00,2025-02-08T21:55:57-08:00,0,12
projects/index.html,21,html,a3b19602,Kevin Li,2025-02-08,21:55:57,-08:00,2025-02-08T21:55:57-08:00,0,0
projects/index.html,22,html,a3b19602,Kevin Li,2025-02-08,21:55:57,-08:00,2025-02-08T21:55:57-08:00,0,0
projects/index.html,23,html,51c1160c,Kevin Li,2025-02-08,16:49:13,-08:00,2025-02-08T16:49:13-08:00,0,5
projects/index.html,24,html,a3b19602,Kevin Li,2025-02-08,21:55:57,-08:00,2025-02-08T21:55:57-08:00,0,23
projects/index.html,25,html,a3b19602,Kevin Li,2025-02-08,21:55:57,-08:00,2025-02-08T21:55:57-08:00,0,5
projects/index.html,26,html,51c1160c,Kevin Li,2025-02-08,16:49:13,-08:00,2025-02-08T16:49:13-08:00,0,0
projects/index.html,27,html,a3b19602,Kevin Li,2025-02-08,21:55:57,-08:00,2025-02-08T21:55:57-08:00,0,5
projects/index.html,28,html,a3b19602,Kevin Li,2025-02-08,21:55:57,-08:00,2025-02-08T21:55:57-08:00,0,16
projects/index.html,29,html,a3b19602,Kevin Li,2025-02-08,21:55:57,-08:00,2025-02-08T21:55:57-08:00,0,12
projects/index.html,30,html,a3b19602,Kevin Li,2025-02-08,21:55:57,-08:00,2025-02-08T21:55:57-08:00,0,27
projects/index.html,31,html,a3b19602,Kevin Li,2025-02-08,21:55:57,-08:00,2025-02-08T21:55:57-08:00,0,32
projects/index.html,32,html,a3b19602,Kevin Li,2025-02-08,21:55:57,-08:00,2025-02-08T21:55:57-08:00,0,1
projects/index.html,33,html,1496c05e,Kevin Li,2025-01-31,15:32:54,-08:00,2025-01-31T15:32:54-08:00,0,21
projects/index.html,34,html,d4f17394,Kevin Li,2025-01-31,16:44:08,-08:00,2025-01-31T16:44:08-08:00,0,0
projects/index.html,35,html,1496c05e,Kevin Li,2025-01-31,15:32:54,-08:00,2025-01-31T15:32:54-08:00,0,5
projects/index.html,36,html,c3e30152,Kevin Li,2025-01-18,18:56:58,-08:00,2025-01-18T18:56:58-08:00,0,0
projects/index.html,37,html,cb5ab8f9,Kevin Li,2025-01-11,14:37:45,-08:00,2025-01-11T14:37:45-08:00,0,6
projects/index.html,38,html,cb5ab8f9,Kevin Li,2025-01-11,14:37:45,-08:00,2025-01-11T14:37:45-08:00,0,6
contact/index.html,1,html,cb5ab8f9,Kevin Li,2025-01-11,14:37:45,-08:00,2025-01-11T14:37:45-08:00,0,14
contact/index.html,2,html,cb5ab8f9,Kevin Li,2025-01-11,14:37:45,-08:00,2025-01-11T14:37:45-08:00,0,15
contact/index.html,3,html,cb5ab8f9,Kevin Li,2025-01-11,14:37:45,-08:00,2025-01-11T14:37:45-08:00,0,5
contact/index.html,4,html,cb5ab8f9,Kevin Li,2025-01-11,14:37:45,-08:00,2025-01-11T14:37:45-08:00,0,21
contact/index.html,5,html,cb5ab8f9,Kevin Li,2025-01-11,14:37:45,-08:00,2025-01-11T14:37:45-08:00,0,69
contact/index.html,6,html,cb5ab8f9,Kevin Li,2025-01-11,14:37:45,-08:00,2025-01-11T14:37:45-08:00,0,28
contact/index.html,7,html,a6a84d34,Kevin Li,2025-01-18,18:19:35,-08:00,2025-01-18T18:19:35-08:00,0,42
contact/index.html,8,html,d0dbbfd6,Kevin Li,2025-01-25,15:46:57,-08:00,2025-01-25T15:46:57-08:00,0,49
contact/index.html,9,html,cb5ab8f9,Kevin Li,2025-01-11,14:37:45,-08:00,2025-01-11T14:37:45-08:00,0,6
contact/index.html,10,html,cb5ab8f9,Kevin Li,2025-01-11,14:37:45,-08:00,2025-01-11T14:37:45-08:00,0,5
contact/index.html,11,html,a6a84d34,Kevin Li,2025-01-18,18:19:35,-08:00,2025-01-18T18:19:35-08:00,0,0
contact/index.html,12,html,1e2bf21f,Kevin Li,2025-01-25,20:23:43,-08:00,2025-01-25T20:23:43-08:00,0,0
contact/index.html,13,html,a6a84d34,Kevin Li,2025-01-18,18:19:35,-08:00,2025-01-18T18:19:35-08:00,0,0
contact/index.html,14,html,cb5ab8f9,Kevin Li,2025-01-11,14:37:45,-08:00,2025-01-11T14:37:45-08:00,0,3
contact/index.html,15,html,a6a84d34,Kevin Li,2025-01-18,18:19:35,-08:00,2025-01-18T18:19:35-08:00,0,9
contact/index.html,16,html,cb5ab8f9,Kevin Li,2025-01-11,14:37:45,-08:00,2025-01-11T14:37:45-08:00,0,4
contact/index.html,17,html,26a009dc,Kevin Li,2025-01-11,15:25:25,-08:00,2025-01-11T15:25:25-08:00,0,0
contact/index.html,18,html,1e2bf21f,Kevin Li,2025-01-25,20:23:43,-08:00,2025-01-25T20:23:43-08:00,0,37
contact/index.html,19,html,a7fd09e6,Kevin Li,2025-01-25,15:18:46,-08:00,2025-01-25T15:18:46-08:00,0,0
contact/index.html,20,html,a7fd09e6,Kevin Li,2025-01-25,15:18:46,-08:00,2025-01-25T15:18:46-08:00,0,0
contact/index.html,21,html,a7fd09e6,Kevin Li,2025-01-25,15:18:46,-08:00,2025-01-25T15:18:46-08:00,0,44
contact/index.html,22,html,a7fd09e6,Kevin Li,2025-01-25,15:18:46,-08:00,2025-01-25T15:18:46-08:00,0,0
contact/index.html,23,html,a7fd09e6,Kevin Li,2025-01-25,15:18:46,-08:00,2025-01-25T15:18:46-08:00,0,52
contact/index.html,24,html,a7fd09e6,Kevin Li,2025-01-25,15:18:46,-08:00,2025-01-25T15:18:46-08:00,0,0
contact/index.html,25,html,a7fd09e6,Kevin Li,2025-01-25,15:18:46,-08:00,2025-01-25T15:18:46-08:00,0,22
contact/index.html,26,html,26a009dc,Kevin Li,2025-01-11,15:25:25,-08:00,2025-01-11T15:25:25-08:00,0,6
contact/index.html,27,html,cb5ab8f9,Kevin Li,2025-01-11,14:37:45,-08:00,2025-01-11T14:37:45-08:00,0,0
contact/index.html,28,html,cb5ab8f9,Kevin Li,2025-01-11,14:37:45,-08:00,2025-01-11T14:37:45-08:00,0,6
contact/index.html,29,html,cb5ab8f9,Kevin Li,2025-01-11,14:37:45,-08:00,2025-01-11T14:37:45-08:00,0,6
